WorkerID,Age,KeyPresses,Stimulus,Time,Block,Trial,MinKeyPresses
anon1,28,21,0,16017,0,1,-1
anon1,28,16,0,11475,0,2,-1
anon1,28,40,1,26043,1,1,8
anon1,28,48,1,28072,1,2,10
anon1,28,20,1,16429,1,3,10
anon1,28,23,1,18205,1,4,9
anon1,28,13,1,9918,1,5,11
anon1,28,26,1,16967,1,6,12
anon1,28,11,1,9804,1,7,11
anon1,28,28,1,20403,1,8,8
anon1,28,25,1,14204,1,9,9
anon1,28,22,1,13450,1,10,14
anon1,28,21,1,14285,1,11,13
anon1,28,27,1,16431,1,12,11
anon1,28,23,1,16495,1,13,7
anon1,28,39,1,28063,1,14,9
anon1,28,36,1,68456,1,15,12
anon1,28,10,1,12573,1,16,8
anon1,28,12,1,10445,1,17,10
anon1,28,14,1,10656,1,18,12
anon1,28,12,1,9815,1,19,10
anon1,28,10,1,7838,1,20,8
anon1,28,17,1,11008,1,21,15
anon1,28,10,1,7492,1,22,8
anon1,28,16,1,15386,1,23,14
anon1,28,14,1,9064,1,24,14
anon1,28,11,1,9488,1,25,11
anon1,28,11,1,8820,1,26,9
anon1,28,14,1,9555,1,27,12
anon1,28,9,1,8385,1,28,7
anon1,28,8,1,6347,1,29,8
anon1,28,12,1,8280,1,30,10
anon1,28,13,1,10274,1,31,9
anon1,28,15,1,10109,1,32,13
anon1,28,10,1,8094,1,33,10
anon1,28,8,1,7017,1,34,6
anon1,28,12,1,8754,1,35,10
anon1,28,14,1,8274,1,36,12
anon1,28,18,1,10937,1,37,16
anon1,28,9,1,6046,1,38,7
anon1,28,15,1,10698,1,39,9
anon1,28,8,1,6341,1,40,8
anon1,28,9,1,7926,1,41,7
anon1,28,10,1,6720,1,42,10
anon1,28,10,1,7645,1,43,6
anon1,28,9,1,6629,1,44,5
anon1,28,8,1,5513,1,45,8
anon1,28,14,1,9618,1,46,12
anon1,28,9,1,6700,1,47,7
anon1,28,14,1,8137,1,48,12
anon1,28,14,1,8655,1,49,12
anon1,28,13,1,11175,1,50,9
anon1,28,17,0,14712,2,1,9
anon1,28,19,0,66942,2,2,9
anon1,28,9,0,7391,2,3,9
anon1,28,11,0,11474,2,4,11
anon1,28,10,0,8795,2,5,10
anon1,28,29,0,20259,2,6,13
anon1,28,11,0,7315,2,7,9
anon1,28,10,0,8275,2,8,10
anon1,28,13,0,7656,2,9,9
anon1,28,13,0,8249,2,10,11
anon1,28,15,0,8551,2,11,13
anon1,28,14,0,7513,2,12,12
anon1,28,17,0,9171,2,13,11
anon1,28,12,0,7025,2,14,12
anon1,28,9,0,6708,2,15,9
anon1,28,12,0,7221,2,16,12
anon1,28,16,0,8634,2,17,14
anon1,28,15,0,8629,2,18,13
anon1,28,14,0,9274,2,19,14
anon1,28,8,0,6046,2,20,8
anon1,28,17,0,8474,2,21,13
anon1,28,8,0,4869,2,22,6
anon1,28,12,0,7767,2,23,10
anon1,28,12,0,6191,2,24,10
anon1,28,12,0,7948,2,25,10
anon1,28,16,0,7726,2,26,14
anon1,28,11,0,6737,2,27,9
anon1,28,13,0,8174,2,28,11
anon1,28,10,0,5548,2,29,10
anon1,28,12,0,6731,2,30,10
anon1,28,10,0,6704,2,31,8
anon1,28,13,0,8020,2,32,9
anon1,28,12,0,6786,2,33,12
anon1,28,12,0,6875,2,34,8
anon1,28,12,0,6928,2,35,10
anon1,28,11,0,6171,2,36,7
anon1,28,11,0,7453,2,37,9
anon1,28,13,0,7368,2,38,13
anon1,28,12,0,6850,2,39,10
anon1,28,10,0,8068,2,40,8
anon1,28,11,0,5530,2,41,11
anon1,28,9,0,5143,2,42,7
anon1,28,12,0,6705,2,43,10
anon1,28,15,0,8219,2,44,11
anon1,28,9,0,6726,2,45,9
anon1,28,19,0,11655,2,46,13
anon1,28,13,0,7048,2,47,9
anon1,28,12,0,6772,2,48,10
anon1,28,8,0,4083,2,49,6
anon1,28,10,0,5845,2,50,10
anon2,60,25,0,66419,0,1,-1
anon2,60,18,0,30237,0,2,-1
anon2,60,44,0,61736,1,1,12
anon2,60,43,0,49187,1,2,15
anon2,60,29,0,40441,1,3,7
anon2,60,27,0,40716,1,4,9
anon2,60,23,0,32031,1,5,11
anon2,60,17,0,31137,1,6,9
anon2,60,17,0,32127,1,7,11
anon2,60,37,0,47681,1,8,7
anon2,60,14,0,22778,1,9,12
anon2,60,18,0,28647,1,10,8
anon2,60,14,0,22029,1,11,6
anon2,60,18,0,24727,1,12,16
anon2,60,28,0,29150,1,13,10
anon2,60,25,0,28573,1,14,9
anon2,60,19,0,27356,1,15,7
anon2,60,22,0,26967,1,16,10
anon2,60,18,0,21562,1,17,6
anon2,60,18,0,20221,1,18,10
anon2,60,27,0,32957,1,19,9
anon2,60,10,0,20388,1,20,8
anon2,60,21,0,28987,1,21,7
anon2,60,12,0,17629,1,22,10
anon2,60,9,0,15331,1,23,9
anon2,60,18,0,26871,1,24,8
anon2,60,17,0,19956,1,25,9
anon2,60,10,0,14399,1,26,10
anon2,60,7,0,13484,1,27,5
anon2,60,23,0,25639,1,28,9
anon2,60,18,0,17012,1,29,14
anon2,60,12,0,15035,1,30,10
anon2,60,16,0,17054,1,31,12
anon2,60,12,0,15337,1,32,8
anon2,60,15,0,17879,1,33,13
anon2,60,11,0,14921,1,34,7
anon2,60,28,0,28673,1,35,12
anon2,60,15,0,18149,1,36,13
anon2,60,10,0,12615,1,37,10
anon2,60,14,0,15471,1,38,12
anon2,60,18,0,21206,1,39,14
anon2,60,16,0,17136,1,40,14
anon2,60,16,0,17260,1,41,12
anon2,60,8,0,13260,1,42,8
anon2,60,8,0,11627,1,43,8
anon2,60,11,0,12551,1,44,11
anon2,60,10,0,10151,1,45,10
anon2,60,14,0,15222,1,46,12
anon2,60,10,0,11856,1,47,8
anon2,60,20,0,21431,1,48,8
anon2,60,11,0,11149,1,49,11
anon2,60,12,0,12659,1,50,12
anon2,60,56,1,69028,2,1,10
anon2,60,38,1,55385,2,2,10
anon2,60,19,1,29331,2,3,9
anon2,60,39,1,60318,2,4,7
anon2,60,20,1,28392,2,5,10
anon2,60,15,1,16865,2,6,13
anon2,60,16,1,19054,2,7,10
anon2,60,16,1,19564,2,8,14
anon2,60,13,1,20757,2,9,11
anon2,60,27,1,36828,2,10,13
anon2,60,12,1,18818,2,11,8
anon2,60,12,1,16231,2,12,12
anon2,60,26,1,30659,2,13,12
anon2,60,15,1,22405,2,14,9
anon2,60,17,1,20366,2,15,11
anon2,60,19,1,21133,2,16,9
anon2,60,18,1,22206,2,17,10
anon2,60,12,1,15508,2,18,12
anon2,60,17,1,18762,2,19,9
anon2,60,8,1,11853,2,20,8
anon2,60,9,1,14500,2,21,9
anon2,60,10,1,14614,2,22,10
anon2,60,17,1,20088,2,23,11
anon2,60,11,1,17722,2,24,9
anon2,60,12,1,20365,2,25,10
anon2,60,15,1,22285,2,26,11
anon2,60,12,1,16165,2,27,10
anon2,60,12,1,16354,2,28,10
anon2,60,12,1,14152,2,29,12
anon2,60,9,1,12280,2,30,9
anon2,60,11,1,13397,2,31,11
anon2,60,13,1,12144,2,32,13
anon2,60,15,1,18435,2,33,13
anon2,60,22,1,30652,2,34,8
anon2,60,10,1,14705,2,35,10
anon2,60,9,1,12826,2,36,7
anon2,60,11,1,13991,2,37,9
anon2,60,11,1,14123,2,38,9
anon2,60,15,1,17366,2,39,13
anon2,60,13,1,13191,2,40,9
anon2,60,10,1,16818,2,41,6
anon2,60,10,1,15063,2,42,8
anon2,60,15,1,22569,2,43,9
anon2,60,12,1,15926,2,44,10
anon2,60,15,1,16740,2,45,13
anon2,60,16,1,18107,2,46,14
anon2,60,13,1,16034,2,47,11
anon2,60,20,1,20222,2,48,14
anon2,60,14,1,21987,2,49,10
anon2,60,8,1,10786,2,50,6
anon3,39,23,0,40279,0,1,-1
anon3,39,10,0,7929,0,2,-1
anon3,39,35,1,36931,1,1,7
anon3,39,39,1,39524,1,2,7
anon3,39,26,1,24040,1,3,14
anon3,39,16,1,18491,1,4,8
anon3,39,16,1,16395,1,5,10
anon3,39,16,1,17929,1,6,10
anon3,39,18,1,21946,1,7,6
anon3,39,15,1,12696,1,8,11
anon3,39,19,1,16586,1,9,11
anon3,39,22,1,18743,1,10,12
anon3,39,18,1,16975,1,11,12
anon3,39,26,1,34408,1,12,8
anon3,39,40,1,32433,1,13,8
anon3,39,12,1,12865,1,14,8
anon3,39,16,1,14595,1,15,14
anon3,39,21,1,34586,1,16,11
anon3,39,21,1,22058,1,17,9
anon3,39,10,1,26968,1,18,8
anon3,39,14,1,14354,1,19,12
anon3,39,18,1,103619,1,20,12
anon3,39,17,1,71752,1,21,15
anon3,39,12,1,10780,1,22,10
anon3,39,15,1,15353,1,23,7
anon3,39,11,1,11017,1,24,9
anon3,39,10,1,14220,1,25,10
anon3,39,18,1,16079,1,26,14
anon3,39,20,1,17667,1,27,6
anon3,39,24,1,57305,1,28,10
anon3,39,11,1,14320,1,29,7
anon3,39,20,1,18965,1,30,12
anon3,39,13,1,11576,1,31,9
anon3,39,10,1,8778,1,32,8
anon3,39,20,1,15034,1,33,16
anon3,39,11,1,9578,1,34,9
anon3,39,9,1,14027,1,35,9
anon3,39,20,1,17762,1,36,12
anon3,39,13,1,10098,1,37,11
anon3,39,12,1,12715,1,38,10
anon3,39,10,1,7193,1,39,10
anon3,39,10,1,10256,1,40,8
anon3,39,9,1,10568,1,41,5
anon3,39,14,1,12308,1,42,12
anon3,39,9,1,7931,1,43,9
anon3,39,10,1,10134,1,44,8
anon3,39,11,1,12098,1,45,9
anon3,39,10,1,8294,1,46,10
anon3,39,17,1,14717,1,47,13
anon3,39,16,1,15844,1,48,12
anon3,39,9,1,10988,1,49,7
anon3,39,15,1,14215,1,50,13
anon3,39,33,0,147479,2,1,13
anon3,39,21,0,16870,2,2,11
anon3,39,16,0,13701,2,3,6
anon3,39,15,0,11736,2,4,9
anon3,39,10,0,11578,2,5,10
anon3,39,8,0,8522,2,6,8
anon3,39,12,0,10810,2,7,12
anon3,39,10,0,7803,2,8,10
anon3,39,15,0,12219,2,9,11
anon3,39,12,0,10122,2,10,8
anon3,39,9,0,7994,2,11,7
anon3,39,12,0,9979,2,12,10
anon3,39,14,0,12585,2,13,12
anon3,39,10,0,8555,2,14,8
anon3,39,12,0,10057,2,15,10
anon3,39,16,0,11850,2,16,14
anon3,39,16,0,23034,2,17,10
anon3,39,11,0,10266,2,18,9
anon3,39,12,0,24924,2,19,10
anon3,39,10,0,7786,2,20,10
anon3,39,11,0,7881,2,21,11
anon3,39,12,0,10395,2,22,10
anon3,39,9,0,8225,2,23,7
anon3,39,8,0,8178,2,24,8
anon3,39,8,0,7835,2,25,6
anon3,39,15,0,11610,2,26,13
anon3,39,15,0,9739,2,27,13
anon3,39,15,0,11098,2,28,13
anon3,39,12,0,8473,2,29,12
anon3,39,11,0,9002,2,30,9
anon3,39,9,0,9418,2,31,9
anon3,39,9,0,9195,2,32,9
anon3,39,15,0,12107,2,33,11
anon3,39,11,0,8454,2,34,9
anon3,39,11,0,9209,2,35,9
anon3,39,12,0,6842,2,36,12
anon3,39,12,0,9129,2,37,10
anon3,39,11,0,7450,2,38,11
anon3,39,14,0,11500,2,39,14
anon3,39,10,0,7703,2,40,10
anon3,39,11,0,11227,2,41,9
anon3,39,12,0,10827,2,42,10
anon3,39,15,0,11370,2,43,13
anon3,39,13,0,15321,2,44,13
anon3,39,13,0,8556,2,45,11
anon3,39,9,0,8392,2,46,9
anon3,39,13,0,12507,2,47,9
anon3,39,11,0,10488,2,48,9
anon3,39,10,0,8248,2,49,10
anon3,39,16,0,10587,2,50,14
anon4,27,5,0,14265,0,1,-1
anon4,27,30,0,41052,0,2,-1
anon4,27,62,0,67264,1,1,12
anon4,27,15,0,17733,1,2,7
anon4,27,15,0,16503,1,3,11
anon4,27,43,0,40569,1,4,9
anon4,27,10,0,12595,1,5,10
anon4,27,44,0,42125,1,6,6
anon4,27,20,0,20158,1,7,10
anon4,27,16,0,15381,1,8,8
anon4,27,16,0,13814,1,9,14
anon4,27,11,0,13331,1,10,7
anon4,27,15,0,13563,1,11,9
anon4,27,12,0,12681,1,12,10
anon4,27,16,0,14310,1,13,12
anon4,27,31,0,23031,1,14,7
anon4,27,12,0,14512,1,15,8
anon4,27,27,0,22366,1,16,9
anon4,27,20,0,15130,1,17,12
anon4,27,9,0,10011,1,18,9
anon4,27,12,0,12535,1,19,6
anon4,27,13,0,11061,1,20,11
anon4,27,13,0,14299,1,21,11
anon4,27,18,0,16799,1,22,8
anon4,27,14,0,12010,1,23,10
anon4,27,14,0,11976,1,24,10
anon4,27,26,0,21399,1,25,12
anon4,27,15,0,12958,1,26,13
anon4,27,15,0,12135,1,27,13
anon4,27,15,0,14680,1,28,5
anon4,27,14,0,11783,1,29,12
anon4,27,10,0,8552,1,30,8
anon4,27,14,0,11723,1,31,12
anon4,27,9,0,19577,1,32,7
anon4,27,11,0,12269,1,33,7
anon4,27,10,0,8546,1,34,10
anon4,27,14,0,11211,1,35,14
anon4,27,14,0,11635,1,36,12
anon4,27,17,0,12338,1,37,15
anon4,27,18,0,14309,1,38,16
anon4,27,14,0,11500,1,39,10
anon4,27,10,0,9844,1,40,8
anon4,27,8,0,7736,1,41,8
anon4,27,12,0,11758,1,42,8
anon4,27,11,0,8527,1,43,11
anon4,27,13,0,10824,1,44,9
anon4,27,11,0,8968,1,45,9
anon4,27,14,0,12072,1,46,12
anon4,27,10,0,8291,1,47,8
anon4,27,9,0,7369,1,48,9
anon4,27,14,0,10893,1,49,10
anon4,27,16,0,12230,1,50,14
anon4,27,16,1,34872,2,1,6
anon4,27,15,1,18242,2,2,9
anon4,27,45,1,51491,2,3,11
anon4,27,15,1,15584,2,4,9
anon4,27,12,1,14375,2,5,10
anon4,27,19,1,19410,2,6,13
anon4,27,10,1,11956,2,7,6
anon4,27,13,1,13141,2,8,13
anon4,27,20,1,16525,2,9,10
anon4,27,11,1,10093,2,10,11
anon4,27,12,1,12732,2,11,10
anon4,27,9,1,9944,2,12,9
anon4,27,14,1,10876,2,13,14
anon4,27,13,1,12350,2,14,9
anon4,27,11,1,9032,2,15,9
anon4,27,13,1,11217,2,16,11
anon4,27,12,1,9712,2,17,12
anon4,27,14,1,12422,2,18,10
anon4,27,12,1,10676,2,19,12
anon4,27,15,1,12258,2,20,13
anon4,27,16,1,12722,2,21,14
anon4,27,11,1,10908,2,22,9
anon4,27,12,1,11011,2,23,10
anon4,27,13,1,13002,2,24,9
anon4,27,11,1,10967,2,25,9
anon4,27,19,1,15655,2,26,13
anon4,27,17,1,14456,2,27,11
anon4,27,16,1,13878,2,28,14
anon4,27,12,1,10626,2,29,10
anon4,27,10,1,8735,2,30,10
anon4,27,10,1,9253,2,31,8
anon4,27,9,1,9989,2,32,9
anon4,27,15,1,12454,2,33,13
anon4,27,14,1,11771,2,34,8
anon4,27,12,1,10400,2,35,10
anon4,27,12,1,9625,2,36,12
anon4,27,11,1,10459,2,37,9
anon4,27,13,1,11090,2,38,11
anon4,27,15,1,12621,2,39,13
anon4,27,12,1,9138,2,40,10
anon4,27,8,1,7606,2,41,8
anon4,27,11,1,9388,2,42,9
anon4,27,8,1,9106,2,43,8
anon4,27,11,1,10376,2,44,7
anon4,27,12,1,10230,2,45,10
anon4,27,12,1,11039,2,46,10
anon4,27,11,1,10769,2,47,7
anon4,27,12,1,9653,2,48,10
anon4,27,12,1,9622,2,49,12
anon4,27,13,1,10108,2,50,11
anon5,32,19,0,58113,0,1,-1
anon5,32,75,0,118898,0,2,-1
anon5,32,67,0,63553,1,1,9
anon5,32,32,0,28905,1,2,10
anon5,32,22,0,21414,1,3,8
anon5,32,84,0,75064,1,4,6
anon5,32,79,0,70594,1,5,9
anon5,32,54,0,47402,1,6,10
anon5,32,15,0,14888,1,7,9
anon5,32,54,0,52587,1,8,6
anon5,32,38,0,30673,1,9,10
anon5,32,74,0,57353,1,10,10
anon5,32,26,0,21222,1,11,16
anon5,32,43,0,30334,1,12,7
anon5,32,45,0,30100,1,13,9
anon5,32,34,0,26135,1,14,12
anon5,32,24,0,17778,1,15,8
anon5,32,20,0,14705,1,16,14
anon5,32,26,0,18942,1,17,12
anon5,32,37,0,24530,1,18,13
anon5,32,42,0,27014,1,19,14
anon5,32,20,0,17371,1,20,12
anon5,32,40,0,28331,1,21,8
anon5,32,44,0,30823,1,22,8
anon5,32,15,0,11732,1,23,11
anon5,32,32,0,21847,1,24,12
anon5,32,50,0,35653,1,25,12
anon5,32,21,0,16085,1,26,9
anon5,32,32,0,29132,1,27,8
anon5,32,18,0,12809,1,28,8
anon5,32,20,0,22858,1,29,8
anon5,32,19,0,14890,1,30,15
anon5,32,15,0,12409,1,31,7
anon5,32,17,0,12863,1,32,13
anon5,32,11,0,9749,1,33,5
anon5,32,20,0,14916,1,34,12
anon5,32,13,0,10935,1,35,11
anon5,32,15,0,11167,1,36,11
anon5,32,23,0,17445,1,37,9
anon5,32,7,0,5751,1,38,7
anon5,32,18,0,13580,1,39,12
anon5,32,28,0,21232,1,40,12
anon5,32,14,0,9541,1,41,10
anon5,32,10,0,9489,1,42,8
anon5,32,9,0,8098,1,43,7
anon5,32,19,0,14864,1,44,7
anon5,32,18,0,12348,1,45,10
anon5,32,15,0,10602,1,46,11
anon5,32,16,0,11033,1,47,10
anon5,32,16,0,11909,1,48,14
anon5,32,23,0,17188,1,49,9
anon5,32,22,0,16954,1,50,10
anon5,32,22,1,25677,2,1,10
anon5,32,23,1,20458,2,2,13
anon5,32,33,1,28124,2,3,9
anon5,32,17,1,13547,2,4,11
anon5,32,22,1,19993,2,5,8
anon5,32,14,1,12801,2,6,6
anon5,32,24,1,18582,2,7,12
anon5,32,16,1,12462,2,8,10
anon5,32,33,1,26542,2,9,13
anon5,32,18,1,13417,2,10,10
anon5,32,23,1,15991,2,11,7
anon5,32,13,1,11636,2,12,9
anon5,32,22,1,14656,2,13,14
anon5,32,27,1,21470,2,14,9
anon5,32,35,1,52907,2,15,12
anon5,32,38,1,34523,2,16,10
anon5,32,21,1,17941,2,17,11
anon5,32,30,1,24115,2,18,8
anon5,32,23,1,17352,2,19,9
anon5,32,13,1,11728,2,20,9
anon5,32,17,1,12458,2,21,13
anon5,32,28,1,21021,2,22,10
anon5,32,15,1,11248,2,23,11
anon5,32,20,1,12953,2,24,10
anon5,32,13,1,9747,2,25,9
anon5,32,18,1,12768,2,26,14
anon5,32,12,1,10071,2,27,12
anon5,32,16,1,13211,2,28,10
anon5,32,10,1,8465,2,29,10
anon5,32,8,1,5906,2,30,8
anon5,32,12,1,10124,2,31,6
anon5,32,17,1,11044,2,32,11
anon5,32,26,1,20758,2,33,14
anon5,32,15,1,11319,2,34,9
anon5,32,29,1,18870,2,35,13
anon5,32,12,1,10038,2,36,12
anon5,32,21,1,13807,2,37,11
anon5,32,23,1,17158,2,38,13
anon5,32,14,1,11165,2,39,8
anon5,32,11,1,8669,2,40,9
anon5,32,15,1,11794,2,41,11
anon5,32,14,1,11698,2,42,10
anon5,32,15,1,15404,2,43,9
anon5,32,9,1,7782,2,44,7
anon5,32,14,1,11876,2,45,10
anon5,32,14,1,10829,2,46,10
anon5,32,15,1,10610,2,47,9
anon5,32,13,1,11883,2,48,9
anon5,32,12,1,7383,2,49,10
anon5,32,25,1,18857,2,50,13
anon6,27,27,0,27952,0,1,-1
anon6,27,12,0,12131,0,2,-1
anon6,27,13,1,15139,1,1,7
anon6,27,34,1,35934,1,2,12
anon6,27,18,1,18262,1,3,14
anon6,27,10,1,9563,1,4,8
anon6,27,10,1,10333,1,5,10
anon6,27,20,1,16369,1,6,14
anon6,27,18,1,26236,1,7,12
anon6,27,14,1,18178,1,8,10
anon6,27,9,1,7803,1,9,9
anon6,27,13,1,14774,1,10,9
anon6,27,13,1,14348,1,11,9
anon6,27,11,1,12057,1,12,9
anon6,27,14,1,23179,1,13,12
anon6,27,14,1,14736,1,14,12
anon6,27,16,1,26064,1,15,12
anon6,27,13,1,12741,1,16,9
anon6,27,10,1,9292,1,17,6
anon6,27,11,1,9890,1,18,11
anon6,27,11,1,10380,1,19,11
anon6,27,9,1,9162,1,20,5
anon6,27,19,1,16073,1,21,15
anon6,27,18,1,12234,1,22,16
anon6,27,14,1,14100,1,23,10
anon6,27,11,1,10995,1,24,7
anon6,27,10,1,7476,1,25,10
anon6,27,9,1,8660,1,26,7
anon6,27,8,1,8951,1,27,6
anon6,27,11,1,12523,1,28,9
anon6,27,12,1,9933,1,29,10
anon6,27,9,1,10707,1,30,7
anon6,27,14,1,12918,1,31,12
anon6,27,16,1,12999,1,32,14
anon6,27,9,1,8636,1,33,7
anon6,27,8,1,6682,1,34,8
anon6,27,13,1,8376,1,35,11
anon6,27,15,1,11083,1,36,13
anon6,27,13,1,9726,1,37,11
anon6,27,12,1,10868,1,38,10
anon6,27,14,1,12334,1,39,10
anon6,27,9,1,7635,1,40,9
anon6,27,10,1,7913,1,41,10
anon6,27,12,1,11459,1,42,8
anon6,27,14,1,23126,1,43,8
anon6,27,12,1,11482,1,44,8
anon6,27,17,1,16265,1,45,13
anon6,27,8,1,9165,1,46,8
anon6,27,10,1,9100,1,47,8
anon6,27,18,1,14970,1,48,12
anon6,27,14,1,9532,1,49,12
anon6,27,12,1,10054,1,50,8
anon6,27,28,0,250176,2,1,10
anon6,27,12,0,9700,2,2,10
anon6,27,13,0,11750,2,3,11
anon6,27,13,0,12060,2,4,9
anon6,27,10,0,10085,2,5,10
anon6,27,9,0,6414,2,6,9
anon6,27,14,0,11141,2,7,14
anon6,27,13,0,10235,2,8,11
anon6,27,12,0,12742,2,9,10
anon6,27,11,0,9246,2,10,11
anon6,27,12,0,11593,2,11,10
anon6,27,13,0,8917,2,12,9
anon6,27,12,0,8335,2,13,8
anon6,27,12,0,8576,2,14,10
anon6,27,8,0,8801,2,15,8
anon6,27,12,0,8662,2,16,10
anon6,27,8,0,8634,2,17,6
anon6,27,19,0,13680,2,18,13
anon6,27,9,0,9642,2,19,9
anon6,27,13,0,10604,2,20,9
anon6,27,15,0,11651,2,21,13
anon6,27,8,0,8127,2,22,8
anon6,27,12,0,10886,2,23,10
anon6,27,11,0,8782,2,24,9
anon6,27,13,0,8960,2,25,13
anon6,27,12,0,9927,2,26,12
anon6,27,12,0,9579,2,27,12
anon6,27,16,0,13733,2,28,14
anon6,27,12,0,10732,2,29,10
anon6,27,15,0,11356,2,30,11
anon6,27,12,0,9611,2,31,12
anon6,27,13,0,10034,2,32,11
anon6,27,8,0,7438,2,33,6
anon6,27,10,0,7925,2,34,10
anon6,27,12,0,10062,2,35,10
anon6,27,13,0,9900,2,36,7
anon6,27,9,0,7893,2,37,7
anon6,27,11,0,9680,2,38,9
anon6,27,15,0,10273,2,39,13
anon6,27,11,0,7943,2,40,9
anon6,27,21,0,13834,2,41,11
anon6,27,9,0,7695,2,42,9
anon6,27,14,0,10929,2,43,8
anon6,27,15,0,11346,2,44,13
anon6,27,16,0,12239,2,45,14
anon6,27,11,0,8527,2,46,9
anon6,27,9,0,7858,2,47,9
anon6,27,12,0,8482,2,48,10
anon6,27,12,0,7986,2,49,12
anon6,27,17,0,12614,2,50,13
anon7,28,29,0,37724,0,1,-1
anon7,28,20,0,19726,0,2,-1
anon7,28,20,0,17710,1,1,14
anon7,28,26,0,21710,1,2,12
anon7,28,27,0,23510,1,3,13
anon7,28,26,0,21279,1,4,8
anon7,28,8,0,9957,1,5,8
anon7,28,25,0,24791,1,6,9
anon7,28,25,0,19814,1,7,9
anon7,28,11,0,9850,1,8,11
anon7,28,13,0,10451,1,9,11
anon7,28,15,0,14850,1,10,11
anon7,28,11,0,11261,1,11,9
anon7,28,11,0,10180,1,12,7
anon7,28,14,0,13692,1,13,8
anon7,28,8,0,8383,1,14,6
anon7,28,16,0,12956,1,15,12
anon7,28,7,0,6283,1,16,7
anon7,28,14,0,10305,1,17,12
anon7,28,14,0,10731,1,18,12
anon7,28,14,0,13771,1,19,10
anon7,28,12,0,11130,1,20,10
anon7,28,10,0,8773,1,21,8
anon7,28,14,0,11497,1,22,14
anon7,28,10,0,8615,1,23,8
anon7,28,9,0,8527,1,24,9
anon7,28,10,0,7389,1,25,10
anon7,28,12,0,9897,1,26,10
anon7,28,10,0,7521,1,27,10
anon7,28,14,0,13987,1,28,12
anon7,28,20,0,13493,1,29,16
anon7,28,18,0,15670,1,30,12
anon7,28,17,0,14243,1,31,15
anon7,28,20,0,17235,1,32,10
anon7,28,12,0,10158,1,33,10
anon7,28,13,0,11256,1,34,7
anon7,28,8,0,7244,1,35,6
anon7,28,11,0,13556,1,36,9
anon7,28,11,0,10162,1,37,9
anon7,28,12,0,12009,1,38,10
anon7,28,11,0,10655,1,39,7
anon7,28,8,0,7432,1,40,8
anon7,28,18,0,14177,1,41,12
anon7,28,7,0,7324,1,42,5
anon7,28,9,0,8402,1,43,7
anon7,28,19,0,22598,1,44,13
anon7,28,12,0,24294,1,45,8
anon7,28,16,0,28335,1,46,14
anon7,28,20,0,38443,1,47,8
anon7,28,11,0,27088,1,48,9
anon7,28,15,0,34852,1,49,11
anon7,28,18,0,13887,1,50,12
anon7,28,39,1,39366,2,1,13
anon7,28,27,1,22772,2,2,13
anon7,28,19,1,17078,2,3,11
anon7,28,16,1,15401,2,4,10
anon7,28,21,1,22809,2,5,13
anon7,28,12,1,11473,2,6,12
anon7,28,16,1,16020,2,7,12
anon7,28,11,1,10934,2,8,9
anon7,28,12,1,12455,2,9,6
anon7,28,10,1,9948,2,10,8
anon7,28,12,1,11992,2,11,10
anon7,28,16,1,18216,2,12,12
anon7,28,14,1,15215,2,13,14
anon7,28,16,1,14069,2,14,10
anon7,28,10,1,9460,2,15,8
anon7,28,15,1,11393,2,16,13
anon7,28,24,1,21568,2,17,10
anon7,28,10,1,9750,2,18,10
anon7,28,12,1,23772,2,19,12
anon7,28,8,1,9890,2,20,8
anon7,28,8,1,7336,2,21,8
anon7,28,19,1,25341,2,22,7
anon7,28,17,1,28916,2,23,9
anon7,28,17,1,18825,2,24,11
anon7,28,15,1,12484,2,25,11
anon7,28,12,1,9506,2,26,10
anon7,28,17,1,12709,2,27,9
anon7,28,9,1,8923,2,28,9
anon7,28,13,1,12477,2,29,7
anon7,28,12,1,11135,2,30,10
anon7,28,12,1,10720,2,31,10
anon7,28,17,1,16811,2,32,13
anon7,28,20,1,31569,2,33,10
anon7,28,18,1,16304,2,34,14
anon7,28,11,1,9946,2,35,9
anon7,28,9,1,6680,2,36,9
anon7,28,22,1,36106,2,37,10
anon7,28,8,1,7634,2,38,6
anon7,28,13,1,11113,2,39,9
anon7,28,15,1,24757,2,40,9
anon7,28,16,1,33018,2,41,14
anon7,28,15,1,11021,2,42,11
anon7,28,17,1,13322,2,43,9
anon7,28,21,1,23645,2,44,13
anon7,28,17,1,17113,2,45,11
anon7,28,11,1,10670,2,46,9
anon7,28,16,1,27358,2,47,10
anon7,28,12,1,11657,2,48,10
anon7,28,21,1,37251,2,49,11
anon7,28,27,1,36925,2,50,9
anon8,24,13,0,11455,0,1,-1
anon8,24,16,0,12434,0,2,-1
anon8,24,20,1,17570,1,1,14
anon8,24,28,1,22015,1,2,10
anon8,24,16,1,14334,1,3,8
anon8,24,32,1,25121,1,4,12
anon8,24,10,1,10296,1,5,6
anon8,24,11,1,10961,1,6,7
anon8,24,27,1,20934,1,7,7
anon8,24,13,1,12516,1,8,9
anon8,24,12,1,9977,1,9,8
anon8,24,11,1,9364,1,10,11
anon8,24,16,1,10782,1,11,14
anon8,24,16,1,10954,1,12,10
anon8,24,18,1,12517,1,13,16
anon8,24,11,1,8550,1,14,9
anon8,24,14,1,10963,1,15,12
anon8,24,18,1,13778,1,16,12
anon8,24,11,1,8988,1,17,9
anon8,24,14,1,10489,1,18,10
anon8,24,8,1,8015,1,19,8
anon8,24,19,1,12019,1,20,15
anon8,24,8,1,8413,1,21,8
anon8,24,14,1,9040,1,22,12
anon8,24,11,1,8599,1,23,7
anon8,24,16,1,11459,1,24,12
anon8,24,10,1,8005,1,25,10
anon8,24,10,1,16234,1,26,8
anon8,24,9,1,6683,1,27,9
anon8,24,14,1,11589,1,28,8
anon8,24,14,1,11048,1,29,10
anon8,24,14,1,9246,1,30,14
anon8,24,8,1,11024,1,31,6
anon8,24,17,1,11062,1,32,13
anon8,24,17,1,11894,1,33,13
anon8,24,16,1,10766,1,34,12
anon8,24,11,1,8309,1,35,11
anon8,24,17,1,10233,1,36,9
anon8,24,18,1,12104,1,37,12
anon8,24,9,1,6088,1,38,9
anon8,24,15,1,10339,1,39,11
anon8,24,7,1,6936,1,40,5
anon8,24,9,1,7428,1,41,7
anon8,24,10,1,7642,1,42,8
anon8,24,11,1,7197,1,43,11
anon8,24,12,1,7586,1,44,12
anon8,24,12,1,9530,1,45,8
anon8,24,12,1,8477,1,46,10
anon8,24,16,1,9465,1,47,10
anon8,24,7,1,4999,1,48,7
anon8,24,13,1,9226,1,49,9
anon8,24,16,1,9496,1,50,10
anon8,24,39,0,32420,2,1,11
anon8,24,13,0,15686,2,2,11
anon8,24,16,0,11014,2,3,6
anon8,24,10,0,7941,2,4,10
anon8,24,14,0,9810,2,5,14
anon8,24,17,0,11416,2,6,13
anon8,24,15,0,11099,2,7,9
anon8,24,12,0,7208,2,8,8
anon8,24,13,0,17213,2,9,13
anon8,24,16,0,9932,2,10,14
anon8,24,15,0,11155,2,11,13
anon8,24,13,0,8856,2,12,11
anon8,24,20,0,13239,2,13,10
anon8,24,15,0,10908,2,14,13
anon8,24,18,0,11911,2,15,10
anon8,24,8,0,5665,2,16,8
anon8,24,10,0,6910,2,17,8
anon8,24,15,0,9476,2,18,9
anon8,24,10,0,6860,2,19,6
anon8,24,17,0,11538,2,20,13
anon8,24,10,0,7422,2,21,10
anon8,24,11,0,8133,2,22,7
anon8,24,14,0,8160,2,23,10
anon8,24,11,0,8449,2,24,9
anon8,24,16,0,10551,2,25,14
anon8,24,17,0,11262,2,26,13
anon8,24,9,0,6015,2,27,9
anon8,24,16,0,10580,2,28,10
anon8,24,12,0,9133,2,29,10
anon8,24,18,0,323205,2,30,12
anon8,24,18,0,15195,2,31,12
anon8,24,11,0,7234,2,32,9
anon8,24,13,0,6978,2,33,9
anon8,24,12,0,7692,2,34,12
anon8,24,11,0,7218,2,35,9
anon8,24,10,0,7507,2,36,10
anon8,24,12,0,20487,2,37,10
anon8,24,16,0,10632,2,38,10
anon8,24,13,0,8665,2,39,11
anon8,24,9,0,7240,2,40,7
anon8,24,9,0,5797,2,41,9
anon8,24,12,0,8131,2,42,10
anon8,24,10,0,7288,2,43,8
anon8,24,14,0,8645,2,44,12
anon8,24,9,0,6486,2,45,9
anon8,24,9,0,6096,2,46,9
anon8,24,13,0,8824,2,47,11
anon8,24,11,0,7522,2,48,9
anon8,24,10,0,6469,2,49,10
anon8,24,13,0,8015,2,50,11
anon9,25,29,0,45918,0,1,-1
anon9,25,28,0,27073,0,2,-1
anon9,25,26,0,27080,1,1,10
anon9,25,36,0,30287,1,2,14
anon9,25,23,0,20159,1,3,15
anon9,25,20,0,21337,1,4,14
anon9,25,18,0,15654,1,5,16
anon9,25,13,0,12356,1,6,11
anon9,25,14,0,12333,1,7,8
anon9,25,29,0,21514,1,8,13
anon9,25,28,0,21029,1,9,6
anon9,25,13,0,13104,1,10,9
anon9,25,14,0,13846,1,11,12
anon9,25,14,0,12798,1,12,8
anon9,25,15,0,11639,1,13,9
anon9,25,13,0,10710,1,14,11
anon9,25,22,0,16196,1,15,12
anon9,25,10,0,10149,1,16,8
anon9,25,25,0,21150,1,17,9
anon9,25,14,0,12788,1,18,10
anon9,25,11,0,11791,1,19,11
anon9,25,8,0,8969,1,20,8
anon9,25,16,0,15490,1,21,8
anon9,25,15,0,10795,1,22,13
anon9,25,14,0,11519,1,23,10
anon9,25,12,0,10722,1,24,8
anon9,25,11,0,11395,1,25,7
anon9,25,9,0,9031,1,26,9
anon9,25,15,0,13307,1,27,11
anon9,25,16,0,12889,1,28,12
anon9,25,12,0,10306,1,29,10
anon9,25,14,0,10468,1,30,12
anon9,25,16,0,10931,1,31,10
anon9,25,14,0,10405,1,32,12
anon9,25,9,0,8683,1,33,7
anon9,25,10,0,9042,1,34,10
anon9,25,11,0,10226,1,35,9
anon9,25,9,0,9036,1,36,7
anon9,25,12,0,10649,1,37,12
anon9,25,12,0,12962,1,38,10
anon9,25,14,0,10132,1,39,12
anon9,25,8,0,7982,1,40,6
anon9,25,11,0,9481,1,41,9
anon9,25,10,0,9529,1,42,8
anon9,25,18,0,13379,1,43,14
anon9,25,10,0,9587,1,44,10
anon9,25,16,0,12213,1,45,12
anon9,25,9,0,9399,1,46,5
anon9,25,9,0,7970,1,47,7
anon9,25,13,0,10698,1,48,9
anon9,25,9,0,8021,1,49,7
anon9,25,8,0,7813,1,50,8
anon9,25,35,1,39714,2,1,11
anon9,25,27,1,26796,2,2,9
anon9,25,10,1,10341,2,3,10
anon9,25,12,1,11730,2,4,10
anon9,25,13,1,11711,2,5,11
anon9,25,9,1,7982,2,6,9
anon9,25,9,1,9592,2,7,7
anon9,25,12,1,10551,2,8,12
anon9,25,15,1,13019,2,9,13
anon9,25,13,1,14486,2,10,9
anon9,25,10,1,8920,2,11,10
anon9,25,12,1,11391,2,12,10
anon9,25,12,1,10421,2,13,10
anon9,25,14,1,13750,2,14,10
anon9,25,13,1,12693,2,15,11
anon9,25,17,1,18207,2,16,11
anon9,25,11,1,9906,2,17,9
anon9,25,8,1,6656,2,18,8
anon9,25,15,1,13289,2,19,9
anon9,25,16,1,14070,2,20,14
anon9,25,11,1,10310,2,21,9
anon9,25,10,1,9846,2,22,8
anon9,25,11,1,10533,2,23,9
anon9,25,10,1,9303,2,24,8
anon9,25,14,1,12344,2,25,14
anon9,25,11,1,10460,2,26,11
anon9,25,8,1,7463,2,27,8
anon9,25,19,1,18757,2,28,13
anon9,25,17,1,17489,2,29,9
anon9,25,17,1,13889,2,30,9
anon9,25,12,1,10420,2,31,10
anon9,25,8,1,9658,2,32,6
anon9,25,9,1,8997,2,33,7
anon9,25,11,1,10651,2,34,9
anon9,25,11,1,11030,2,35,9
anon9,25,10,1,9791,2,36,10
anon9,25,12,1,8994,2,37,12
anon9,25,12,1,9255,2,38,12
anon9,25,15,1,12548,2,39,13
anon9,25,12,1,11918,2,40,12
anon9,25,8,1,7873,2,41,6
anon9,25,15,1,11948,2,42,13
anon9,25,10,1,8404,2,43,10
anon9,25,13,1,9854,2,44,13
anon9,25,16,1,13647,2,45,14
anon9,25,15,1,12040,2,46,11
anon9,25,10,1,9683,2,47,10
anon9,25,15,1,11622,2,48,13
anon9,25,12,1,8668,2,49,10
anon9,25,14,1,11263,2,50,10
anon10,29,17,0,21538,0,1,-1
anon10,29,20,0,23498,0,2,-1
anon10,29,22,0,24442,1,1,12
anon10,29,34,0,29386,1,2,12
anon10,29,20,0,22699,1,3,8
anon10,29,27,0,23514,1,4,13
anon10,29,16,0,14058,1,5,14
anon10,29,20,0,16859,1,6,10
anon10,29,16,0,13804,1,7,8
anon10,29,15,0,12378,1,8,11
anon10,29,12,0,10890,1,9,10
anon10,29,26,0,19051,1,10,12
anon10,29,10,0,11274,1,11,10
anon10,29,13,0,12267,1,12,9
anon10,29,12,0,11834,1,13,10
anon10,29,21,0,18682,1,14,5
anon10,29,20,0,15291,1,15,12
anon10,29,26,0,24554,1,16,12
anon10,29,20,0,18316,1,17,10
anon10,29,18,0,14699,1,18,8
anon10,29,12,0,10635,1,19,12
anon10,29,13,0,11850,1,20,11
anon10,29,9,0,8923,1,21,9
anon10,29,11,0,9755,1,22,9
anon10,29,12,0,11354,1,23,8
anon10,29,21,0,19611,1,24,15
anon10,29,19,0,14187,1,25,9
anon10,29,11,0,10619,1,26,11
anon10,29,9,0,11659,1,27,7
anon10,29,14,0,12042,1,28,10
anon10,29,9,0,8443,1,29,9
anon10,29,16,0,13467,1,30,12
anon10,29,12,0,10698,1,31,6
anon10,29,17,0,13659,1,32,9
anon10,29,16,0,12219,1,33,14
anon10,29,10,0,9547,1,34,6
anon10,29,8,0,8922,1,35,8
anon10,29,11,0,9915,1,36,11
anon10,29,9,0,10346,1,37,7
anon10,29,18,0,14396,1,38,14
anon10,29,16,0,16858,1,39,8
anon10,29,17,0,13723,1,40,13
anon10,29,12,0,11451,1,41,10
anon10,29,11,0,10955,1,42,7
anon10,29,19,0,15258,1,43,7
anon10,29,8,0,8218,1,44,8
anon10,29,10,0,11131,1,45,8
anon10,29,10,0,9642,1,46,10
anon10,29,9,0,11627,1,47,7
anon10,29,11,0,10907,1,48,9
anon10,29,18,0,14587,1,49,16
anon10,29,12,0,10762,1,50,12
anon10,29,26,1,98474,2,1,10
anon10,29,11,1,23556,2,2,7
anon10,29,11,1,14419,2,3,9
anon10,29,10,1,12427,2,4,8
anon10,29,17,1,20714,2,5,13
anon10,29,15,1,15995,2,6,13
anon10,29,11,1,17169,2,7,9
anon10,29,12,1,14539,2,8,12
anon10,29,9,1,13236,2,9,7
anon10,29,9,1,13218,2,10,9
anon10,29,12,1,10026,2,11,10
anon10,29,11,1,14899,2,12,9
anon10,29,10,1,14881,2,13,10
anon10,29,13,1,13844,2,14,11
anon10,29,11,1,13155,2,15,9
anon10,29,13,1,16212,2,16,9
anon10,29,16,1,15595,2,17,10
anon10,29,8,1,7697,2,18,6
anon10,29,16,1,15395,2,19,14
anon10,29,15,1,13978,2,20,11
anon10,29,14,1,17490,2,21,10
anon10,29,9,1,11892,2,22,9
anon10,29,8,1,11090,2,23,8
anon10,29,10,1,12786,2,24,10
anon10,29,10,1,11371,2,25,6
anon10,29,15,1,13738,2,26,13
anon10,29,13,1,14683,2,27,11
anon10,29,10,1,10987,2,28,10
anon10,29,11,1,13050,2,29,9
anon10,29,15,1,13644,2,30,13
anon10,29,14,1,12530,2,31,12
anon10,29,17,1,20987,2,32,13
anon10,29,9,1,8412,2,33,9
anon10,29,12,1,10953,2,34,10
anon10,29,13,1,11380,2,35,11
anon10,29,11,1,12858,2,36,9
anon10,29,12,1,10491,2,37,8
anon10,29,12,1,13625,2,38,12
anon10,29,10,1,10850,2,39,10
anon10,29,15,1,12932,2,40,13
anon10,29,14,1,14011,2,41,14
anon10,29,11,1,12505,2,42,9
anon10,29,8,1,7611,2,43,8
anon10,29,12,1,12524,2,44,10
anon10,29,13,1,13793,2,45,11
anon10,29,12,1,11267,2,46,10
anon10,29,15,1,16338,2,47,11
anon10,29,22,1,20451,2,48,14
anon10,29,12,1,15163,2,49,12
anon10,29,12,1,13739,2,50,10
anon11,41,11,0,45371,0,1,-1
anon11,41,26,0,24568,0,2,-1
anon11,41,37,1,33037,1,1,9
anon11,41,65,1,68688,1,2,7
anon11,41,28,1,316633,1,3,12
anon11,41,10,1,23704,1,4,10
anon11,41,11,1,17046,1,5,9
anon11,41,10,1,51737,1,6,8
anon11,41,16,1,20815,1,7,14
anon11,41,11,1,11312,1,8,11
anon11,41,10,1,8528,1,9,8
anon11,41,13,1,13253,1,10,9
anon11,41,18,1,17665,1,11,6
anon11,41,10,1,12230,1,12,8
anon11,41,15,1,18254,1,13,9
anon11,41,11,1,14069,1,14,11
anon11,41,16,1,15313,1,15,12
anon11,41,18,1,16820,1,16,16
anon11,41,9,1,10122,1,17,7
anon11,41,17,1,19933,1,18,15
anon11,41,11,1,10922,1,19,11
anon11,41,14,1,11395,1,20,12
anon11,41,11,1,11730,1,21,9
anon11,41,14,1,14741,1,22,10
anon11,41,12,1,26591,1,23,10
anon11,41,10,1,10278,1,24,8
anon11,41,14,1,13676,1,25,12
anon11,41,15,1,13959,1,26,13
anon11,41,9,1,9775,1,27,7
anon11,41,16,1,15252,1,28,14
anon11,41,14,1,13259,1,29,10
anon11,41,9,1,9509,1,30,9
anon11,41,11,1,9712,1,31,7
anon11,41,14,1,12320,1,32,14
anon11,41,14,1,12848,1,33,12
anon11,41,11,1,48204,1,34,9
anon11,41,10,1,9786,1,35,8
anon11,41,9,1,9187,1,36,7
anon11,41,10,1,15776,1,37,10
anon11,41,17,1,13307,1,38,13
anon11,41,14,1,184230,1,39,10
anon11,41,11,1,10103,1,40,11
anon11,41,14,1,13568,1,41,12
anon11,41,10,1,9652,1,42,8
anon11,41,15,1,18256,1,43,5
anon11,41,10,1,8972,1,44,10
anon11,41,12,1,10415,1,45,12
anon11,41,10,1,8809,1,46,10
anon11,41,14,1,10784,1,47,12
anon11,41,8,1,7623,1,48,8
anon11,41,10,1,129358,1,49,6
anon11,41,12,1,18846,1,50,8
anon11,41,25,0,147782,2,1,9
anon11,41,12,0,204683,2,2,6
anon11,41,9,0,9122,2,3,7
anon11,41,16,0,13073,2,4,12
anon11,41,10,0,7806,2,5,8
anon11,41,12,0,8896,2,6,12
anon11,41,12,0,10881,2,7,10
anon11,41,13,0,9875,2,8,13
anon11,41,8,0,8708,2,9,8
anon11,41,11,0,9904,2,10,11
anon11,41,14,0,11541,2,11,12
anon11,41,12,0,9994,2,12,8
anon11,41,8,0,7800,2,13,8
anon11,41,15,0,12100,2,14,13
anon11,41,12,0,9819,2,15,12
anon11,41,12,0,9343,2,16,10
anon11,41,11,0,8432,2,17,9
anon11,41,11,0,7738,2,18,9
anon11,41,11,0,13193,2,19,9
anon11,41,11,0,9571,2,20,11
anon11,41,11,0,9934,2,21,9
anon11,41,9,0,7919,2,22,7
anon11,41,9,0,6618,2,23,9
anon11,41,11,0,7826,2,24,9
anon11,41,13,0,10013,2,25,11
anon11,41,14,0,10883,2,26,14
anon11,41,18,0,668060,2,27,14
anon11,41,9,0,8318,2,28,9
anon11,41,8,0,14415,2,29,6
anon11,41,10,0,7526,2,30,10
anon11,41,12,0,11319,2,31,10
anon11,41,9,0,8272,2,32,9
anon11,41,12,0,8622,2,33,10
anon11,41,10,0,7743,2,34,10
anon11,41,12,0,7847,2,35,10
anon11,41,17,0,13872,2,36,13
anon11,41,13,0,9195,2,37,11
anon11,41,10,0,10544,2,38,10
anon11,41,15,0,9542,2,39,13
anon11,41,13,0,9696,2,40,11
anon11,41,10,0,7688,2,41,10
anon11,41,17,0,11721,2,42,13
anon11,41,16,0,10825,2,43,14
anon11,41,15,0,10564,2,44,13
anon11,41,13,0,9109,2,45,11
anon11,41,11,0,8549,2,46,9
anon11,41,10,0,7690,2,47,10
anon11,41,9,0,6823,2,48,9
anon11,41,16,0,12232,2,49,10
anon11,41,10,0,8344,2,50,10
anon12,50,25,0,18455,0,1,-1
anon12,50,16,0,12212,0,2,-1
anon12,50,37,1,34494,1,1,9
anon12,50,27,1,21220,1,2,9
anon12,50,24,1,18137,1,3,6
anon12,50,40,1,29291,1,4,10
anon12,50,22,1,18961,1,5,12
anon12,50,21,1,15029,1,6,11
anon12,50,16,1,12484,1,7,10
anon12,50,34,1,22602,1,8,8
anon12,50,18,1,15087,1,9,8
anon12,50,34,1,23830,1,10,12
anon12,50,23,1,16872,1,11,13
anon12,50,11,1,11623,1,12,9
anon12,50,34,1,28422,1,13,8
anon12,50,28,1,20776,1,14,12
anon12,50,18,1,13769,1,15,6
anon12,50,21,1,15218,1,16,11
anon12,50,7,1,7564,1,17,7
anon12,50,27,1,18723,1,18,11
anon12,50,15,1,12282,1,19,11
anon12,50,26,1,24655,1,20,8
anon12,50,12,1,11334,1,21,8
anon12,50,12,1,13416,1,22,8
anon12,50,21,1,17171,1,23,9
anon12,50,17,1,19315,1,24,13
anon12,50,10,1,10332,1,25,10
anon12,50,17,1,14076,1,26,7
anon12,50,12,1,11104,1,27,10
anon12,50,14,1,12561,1,28,12
anon12,50,20,1,21162,1,29,12
anon12,50,18,1,14286,1,30,14
anon12,50,18,1,13995,1,31,16
anon12,50,18,1,15344,1,32,10
anon12,50,10,1,9099,1,33,10
anon12,50,27,1,34044,1,34,7
anon12,50,8,1,9507,1,35,8
anon12,50,11,1,11905,1,36,9
anon12,50,16,1,13898,1,37,14
anon12,50,14,1,9232,1,38,14
anon12,50,30,1,21765,1,39,12
anon12,50,11,1,10049,1,40,7
anon12,50,14,1,11785,1,41,12
anon12,50,8,1,9028,1,42,8
anon12,50,19,1,14935,1,43,15
anon12,50,11,1,9196,1,44,9
anon12,50,10,1,6967,1,45,10
anon12,50,7,1,9244,1,46,5
anon12,50,14,1,9715,1,47,12
anon12,50,9,1,9664,1,48,7
anon12,50,14,1,12366,1,49,10
anon12,50,9,1,12025,1,50,9
anon12,50,28,0,32637,2,1,14
anon12,50,22,0,17887,2,2,8
anon12,50,37,0,19814,2,3,13
anon12,50,21,0,11297,2,4,9
anon12,50,26,0,13331,2,5,14
anon12,50,27,0,15424,2,6,11
anon12,50,47,0,25858,2,7,13
anon12,50,21,0,12503,2,8,7
anon12,50,37,0,20139,2,9,9
anon12,50,13,0,8609,2,10,9
anon12,50,24,0,14662,2,11,10
anon12,50,25,0,14907,2,12,11
anon12,50,28,0,15928,2,13,10
anon12,50,32,0,19685,2,14,14
anon12,50,22,0,12294,2,15,10
anon12,50,10,0,7660,2,16,10
anon12,50,8,0,7035,2,17,8
anon12,50,10,0,8172,2,18,10
anon12,50,17,0,12085,2,19,11
anon12,50,11,0,6939,2,20,11
anon12,50,9,0,7604,2,21,7
anon12,50,13,0,9147,2,22,9
anon12,50,12,0,8928,2,23,6
anon12,50,15,0,7926,2,24,13
anon12,50,13,0,8247,2,25,11
anon12,50,12,0,7645,2,26,10
anon12,50,8,0,6597,2,27,6
anon12,50,21,0,12177,2,28,13
anon12,50,20,0,11886,2,29,12
anon12,50,9,0,5218,2,30,9
anon12,50,9,0,6206,2,31,9
anon12,50,12,0,6633,2,32,12
anon12,50,8,0,5306,2,33,8
anon12,50,11,0,6658,2,34,9
anon12,50,11,0,8001,2,35,9
anon12,50,15,0,10269,2,36,13
anon12,50,17,0,8975,2,37,13
anon12,50,9,0,6206,2,38,9
anon12,50,16,0,11057,2,39,10
anon12,50,12,0,7440,2,40,12
anon12,50,14,0,8570,2,41,12
anon12,50,10,0,6286,2,42,10
anon12,50,10,0,6219,2,43,10
anon12,50,12,0,6813,2,44,10
anon12,50,10,0,6912,2,45,10
anon12,50,9,0,7157,2,46,9
anon12,50,22,0,13402,2,47,10
anon12,50,13,0,8406,2,48,11
anon12,50,10,0,7169,2,49,8
anon12,50,13,0,9067,2,50,9
anon13,30,27,0,31857,0,1,-1
anon13,30,22,0,18564,0,2,-1
anon13,30,16,0,17691,1,1,8
anon13,30,32,0,24981,1,2,14
anon13,30,25,0,21415,1,3,7
anon13,30,44,0,35108,1,4,10
anon13,30,18,0,15623,1,5,12
anon13,30,29,0,23770,1,6,15
anon13,30,30,0,23502,1,7,12
anon13,30,26,0,20662,1,8,6
anon13,30,16,0,11501,1,9,12
anon13,30,14,0,12767,1,10,10
anon13,30,22,0,17126,1,11,8
anon13,30,18,0,17647,1,12,10
anon13,30,33,0,27038,1,13,13
anon13,30,46,0,38482,1,14,14
anon13,30,12,0,12913,1,15,8
anon13,30,39,0,29961,1,16,7
anon13,30,11,0,11781,1,17,11
anon13,30,12,0,11047,1,18,8
anon13,30,24,0,22341,1,19,10
anon13,30,10,0,8378,1,20,8
anon13,30,21,0,15982,1,21,9
anon13,30,25,0,18608,1,22,7
anon13,30,39,0,30970,1,23,5
anon13,30,19,0,14581,1,24,9
anon13,30,13,0,12709,1,25,9
anon13,30,22,0,17817,1,26,10
anon13,30,20,0,17272,1,27,12
anon13,30,21,0,17616,1,28,7
anon13,30,16,0,12337,1,29,6
anon13,30,19,0,13992,1,30,11
anon13,30,18,0,15879,1,31,10
anon13,30,31,0,21756,1,32,13
anon13,30,18,0,14002,1,33,10
anon13,30,15,0,11679,1,34,11
anon13,30,22,0,15956,1,35,12
anon13,30,12,0,10276,1,36,8
anon13,30,10,0,8094,1,37,10
anon13,30,14,0,11888,1,38,12
anon13,30,9,0,7228,1,39,9
anon13,30,18,0,13904,1,40,12
anon13,30,27,0,21125,1,41,9
anon13,30,29,0,21356,1,42,11
anon13,30,29,0,24323,1,43,9
anon13,30,22,0,16627,1,44,16
anon13,30,16,0,13254,1,45,14
anon13,30,18,0,15561,1,46,8
anon13,30,12,0,11904,1,47,12
anon13,30,47,0,33369,1,48,7
anon13,30,15,0,12848,1,49,9
anon13,30,8,0,8076,1,50,8
anon13,30,23,1,43385,2,1,9
anon13,30,34,1,195881,2,2,8
anon13,30,12,1,17770,2,3,10
anon13,30,16,1,28074,2,4,14
anon13,30,11,1,16711,2,5,11
anon13,30,11,1,17511,2,6,9
anon13,30,13,1,13492,2,7,11
anon13,30,8,1,11650,2,8,8
anon13,30,13,1,11336,2,9,13
anon13,30,15,1,15944,2,10,13
anon13,30,11,1,16680,2,11,9
anon13,30,12,1,15173,2,12,8
anon13,30,12,1,13251,2,13,10
anon13,30,13,1,15207,2,14,11
anon13,30,9,1,13866,2,15,9
anon13,30,13,1,22897,2,16,9
anon13,30,14,1,13953,2,17,12
anon13,30,11,1,14733,2,18,9
anon13,30,19,1,14693,2,19,13
anon13,30,16,1,14424,2,20,12
anon13,30,14,1,12215,2,21,6
anon13,30,12,1,11528,2,22,10
anon13,30,10,1,10510,2,23,10
anon13,30,11,1,12784,2,24,9
anon13,30,13,1,14049,2,25,11
anon13,30,8,1,11051,2,26,6
anon13,30,11,1,13122,2,27,7
anon13,30,18,1,17227,2,28,10
anon13,30,15,1,12903,2,29,9
anon13,30,14,1,14386,2,30,10
anon13,30,12,1,9056,2,31,10
anon13,30,20,1,15863,2,32,14
anon13,30,12,1,12419,2,33,12
anon13,30,12,1,13324,2,34,10
anon13,30,12,1,14747,2,35,10
anon13,30,12,1,11635,2,36,10
anon13,30,9,1,12982,2,37,9
anon13,30,14,1,15637,2,38,10
anon13,30,13,1,12084,2,39,11
anon13,30,19,1,14719,2,40,13
anon13,30,8,1,8732,2,41,8
anon13,30,17,1,22868,2,42,13
anon13,30,12,1,8554,2,43,12
anon13,30,9,1,10256,2,44,9
anon13,30,10,1,11972,2,45,10
anon13,30,17,1,16038,2,46,9
anon13,30,14,1,11150,2,47,14
anon13,30,13,1,11747,2,48,11
anon13,30,17,1,13133,2,49,13
anon13,30,9,1,15207,2,50,7
anon14,36,39,0,65992,0,1,-1
anon14,36,22,0,29247,0,2,-1
anon14,36,30,0,32494,1,1,8
anon14,36,30,0,27480,1,2,12
anon14,36,21,0,24283,1,3,7
anon14,36,28,0,25851,1,4,10
anon14,36,32,0,27495,1,5,14
anon14,36,35,0,30090,1,6,7
anon14,36,19,0,17162,1,7,9
anon14,36,24,0,24055,1,8,8
anon14,36,34,0,27412,1,9,10
anon14,36,44,0,38641,1,10,16
anon14,36,18,0,15316,1,11,10
anon14,36,17,0,16241,1,12,11
anon14,36,17,0,15128,1,13,5
anon14,36,28,0,22496,1,14,8
anon14,36,30,0,25869,1,15,8
anon14,36,22,0,20513,1,16,10
anon14,36,18,0,16545,1,17,8
anon14,36,13,0,10493,1,18,11
anon14,36,18,0,15886,1,19,10
anon14,36,22,0,19404,1,20,12
anon14,36,21,0,16217,1,21,11
anon14,36,22,0,17292,1,22,10
anon14,36,19,0,15579,1,23,7
anon14,36,22,0,19893,1,24,8
anon14,36,30,0,25394,1,25,12
anon14,36,18,0,18143,1,26,6
anon14,36,29,0,26359,1,27,13
anon14,36,17,0,13965,1,28,9
anon14,36,20,0,17168,1,29,14
anon14,36,27,0,22722,1,30,15
anon14,36,19,0,18244,1,31,11
anon14,36,18,0,17367,1,32,10
anon14,36,23,0,18346,1,33,7
anon14,36,27,0,24289,1,34,9
anon14,36,22,0,21060,1,35,12
anon14,36,20,0,18742,1,36,12
anon14,36,14,0,14151,1,37,8
anon14,36,23,0,21682,1,38,9
anon14,36,28,0,22161,1,39,12
anon14,36,44,0,34384,1,40,14
anon14,36,14,0,12106,1,41,10
anon14,36,17,0,17666,1,42,7
anon14,36,17,0,15481,1,43,9
anon14,36,16,0,16458,1,44,6
anon14,36,21,0,19381,1,45,9
anon14,36,28,0,23091,1,46,12
anon14,36,22,0,21005,1,47,12
anon14,36,21,0,19307,1,48,13
anon14,36,16,0,14085,1,49,8
anon14,36,23,0,20510,1,50,9
anon14,36,33,1,41208,2,1,11
anon14,36,16,1,16251,2,2,10
anon14,36,36,1,37598,2,3,14
anon14,36,22,1,25672,2,4,10
anon14,36,14,1,14324,2,5,10
anon14,36,18,1,17745,2,6,10
anon14,36,16,1,13676,2,7,6
anon14,36,16,1,16541,2,8,10
anon14,36,32,1,137521,2,9,14
anon14,36,11,1,12593,2,10,9
anon14,36,10,1,12450,2,11,8
anon14,36,12,1,14046,2,12,12
anon14,36,13,1,14107,2,13,11
anon14,36,10,1,13623,2,14,10
anon14,36,19,1,22133,2,15,9
anon14,36,13,1,13689,2,16,11
anon14,36,15,1,17904,2,17,13
anon14,36,13,1,12521,2,18,11
anon14,36,17,1,14115,2,19,13
anon14,36,14,1,12115,2,20,12
anon14,36,14,1,10553,2,21,14
anon14,36,14,1,15017,2,22,10
anon14,36,9,1,10815,2,23,7
anon14,36,8,1,8452,2,24,6
anon14,36,9,1,7596,2,25,9
anon14,36,8,1,6915,2,26,8
anon14,36,13,1,12555,2,27,9
anon14,36,13,1,9162,2,28,13
anon14,36,10,1,7372,2,29,10
anon14,36,11,1,9977,2,30,9
anon14,36,17,1,20796,2,31,13
anon14,36,11,1,12281,2,32,9
anon14,36,15,1,12560,2,33,13
anon14,36,12,1,9718,2,34,10
anon14,36,9,1,7904,2,35,7
anon14,36,11,1,7568,2,36,11
anon14,36,11,1,8803,2,37,9
anon14,36,12,1,8833,2,38,10
anon14,36,12,1,8559,2,39,12
anon14,36,12,1,11170,2,40,8
anon14,36,12,1,10516,2,41,10
anon14,36,12,1,9818,2,42,12
anon14,36,9,1,7946,2,43,9
anon14,36,10,1,8191,2,44,10
anon14,36,9,1,8648,2,45,9
anon14,36,13,1,9841,2,46,11
anon14,36,10,1,9982,2,47,8
anon14,36,11,1,11297,2,48,9
anon14,36,15,1,11842,2,49,13
anon14,36,11,1,8845,2,50,9
anon15,30,11,0,17037,0,1,-1
anon15,30,14,0,14791,0,2,-1
anon15,30,26,0,24591,1,1,6
anon15,30,28,0,17191,1,2,8
anon15,30,20,0,13766,1,3,12
anon15,30,32,0,20774,1,4,8
anon15,30,27,0,16925,1,5,7
anon15,30,12,0,8455,1,6,10
anon15,30,31,0,25819,1,7,11
anon15,30,17,0,11558,1,8,9
anon15,30,12,0,8257,1,9,8
anon15,30,11,0,8465,1,10,7
anon15,30,15,0,11517,1,11,11
anon15,30,20,0,13147,1,12,10
anon15,30,18,0,12150,1,13,16
anon15,30,18,0,11326,1,14,14
anon15,30,18,0,12541,1,15,10
anon15,30,14,0,9901,1,16,12
anon15,30,18,0,10572,1,17,12
anon15,30,30,0,19504,1,18,12
anon15,30,9,0,6082,1,19,9
anon15,30,16,0,9689,1,20,12
anon15,30,10,0,7077,1,21,8
anon15,30,19,0,12863,1,22,15
anon15,30,18,0,10630,1,23,14
anon15,30,13,0,8112,1,24,7
anon15,30,16,0,9820,1,25,14
anon15,30,13,0,8799,1,26,7
anon15,30,9,0,6700,1,27,7
anon15,30,12,0,8170,1,28,10
anon15,30,15,0,9014,1,29,13
anon15,30,14,0,9265,1,30,12
anon15,30,11,0,6875,1,31,11
anon15,30,13,0,7880,1,32,9
anon15,30,14,0,8457,1,33,12
anon15,30,17,0,9584,1,34,9
anon15,30,14,0,8008,1,35,8
anon15,30,16,0,9779,1,36,8
anon15,30,10,0,6548,1,37,10
anon15,30,11,0,6620,1,38,9
anon15,30,15,0,9825,1,39,9
anon15,30,12,0,7652,1,40,10
anon15,30,14,0,8048,1,41,6
anon15,30,12,0,7346,1,42,10
anon15,30,12,0,6951,1,43,10
anon15,30,12,0,7997,1,44,12
anon15,30,13,0,8315,1,45,9
anon15,30,11,0,6843,1,46,11
anon15,30,8,0,4835,1,47,8
anon15,30,15,0,9910,1,48,5
anon15,30,15,0,8667,1,49,13
anon15,30,8,0,5323,1,50,8
anon15,30,56,1,42823,2,1,14
anon15,30,13,1,12269,2,2,7
anon15,30,32,1,21954,2,3,14
anon15,30,11,1,10512,2,4,9
anon15,30,15,1,10174,2,5,13
anon15,30,10,1,9097,2,6,8
anon15,30,14,1,9460,2,7,8
anon15,30,9,1,6494,2,8,9
anon15,30,17,1,11497,2,9,11
anon15,30,14,1,9945,2,10,10
anon15,30,11,1,9354,2,11,9
anon15,30,16,1,10918,2,12,10
anon15,30,12,1,8074,2,13,12
anon15,30,12,1,8529,2,14,12
anon15,30,14,1,10159,2,15,14
anon15,30,17,1,12717,2,16,13
anon15,30,14,1,9293,2,17,10
anon15,30,49,1,40806,2,18,10
anon15,30,12,1,8135,2,19,10
anon15,30,16,1,13159,2,20,10
anon15,30,13,1,9530,2,21,11
anon15,30,9,1,7091,2,22,7
anon15,30,15,1,10684,2,23,9
anon15,30,11,1,7484,2,24,9
anon15,30,12,1,8488,2,25,10
anon15,30,9,1,7514,2,26,9
anon15,30,14,1,9108,2,27,10
anon15,30,14,1,9935,2,28,12
anon15,30,15,1,10567,2,29,13
anon15,30,8,1,7293,2,30,6
anon15,30,15,1,11426,2,31,9
anon15,30,9,1,6751,2,32,9
anon15,30,16,1,10280,2,33,8
anon15,30,14,1,10296,2,34,12
anon15,30,14,1,9850,2,35,10
anon15,30,14,1,9383,2,36,10
anon15,30,15,1,10028,2,37,11
anon15,30,11,1,8318,2,38,9
anon15,30,12,1,8589,2,39,10
anon15,30,15,1,9841,2,40,11
anon15,30,13,1,9965,2,41,9
anon15,30,13,1,8693,2,42,9
anon15,30,14,1,9895,2,43,10
anon15,30,8,1,6013,2,44,8
anon15,30,15,1,10177,2,45,13
anon15,30,8,1,6372,2,46,6
anon15,30,11,1,8728,2,47,11
anon15,30,21,1,13968,2,48,13
anon15,30,11,1,6653,2,49,11
anon15,30,13,1,8675,2,50,13
anon16,27,17,0,15417,0,1,-1
anon16,27,8,0,6877,0,2,-1
anon16,27,68,0,50198,1,1,10
anon16,27,33,0,24036,1,2,5
anon16,27,28,0,19416,1,3,12
anon16,27,27,0,20507,1,4,9
anon16,27,14,0,12146,1,5,12
anon16,27,24,0,15575,1,6,16
anon16,27,17,0,10748,1,7,9
anon16,27,16,0,10465,1,8,8
anon16,27,24,0,15395,1,9,12
anon16,27,23,0,16319,1,10,7
anon16,27,23,0,16911,1,11,9
anon16,27,22,0,13524,1,12,8
anon16,27,17,0,10944,1,13,11
anon16,27,10,0,7861,1,14,10
anon16,27,16,0,11712,1,15,10
anon16,27,23,0,15308,1,16,11
anon16,27,17,0,10917,1,17,7
anon16,27,9,0,5612,1,18,9
anon16,27,21,0,13162,1,19,13
anon16,27,11,0,7831,1,20,7
anon16,27,16,0,9167,1,21,10
anon16,27,11,0,7764,1,22,7
anon16,27,18,0,10769,1,23,8
anon16,27,13,0,7766,1,24,11
anon16,27,14,0,10086,1,25,12
anon16,27,16,0,9236,1,26,10
anon16,27,20,0,13805,1,27,6
anon16,27,22,0,13191,1,28,12
anon16,27,18,0,10634,1,29,14
anon16,27,16,0,10175,1,30,10
anon16,27,16,0,10335,1,31,8
anon16,27,17,0,11482,1,32,9
anon16,27,12,0,8050,1,33,8
anon16,27,23,0,14592,1,34,13
anon16,27,19,0,11440,1,35,7
anon16,27,23,0,13421,1,36,9
anon16,27,14,0,9170,1,37,10
anon16,27,24,0,15455,1,38,14
anon16,27,14,0,9152,1,39,10
anon16,27,22,0,13182,1,40,8
anon16,27,19,0,11103,1,41,15
anon16,27,24,0,15234,1,42,12
anon16,27,29,0,18103,1,43,9
anon16,27,16,0,10871,1,44,8
anon16,27,16,0,9908,1,45,12
anon16,27,18,0,11577,1,46,14
anon16,27,13,0,7661,1,47,11
anon16,27,10,0,6721,1,48,8
anon16,27,14,0,9161,1,49,6
anon16,27,12,0,8353,1,50,12
anon16,27,42,1,37703,2,1,10
anon16,27,44,1,31705,2,2,14
anon16,27,24,1,17816,2,3,12
anon16,27,11,1,9373,2,4,11
anon16,27,18,1,12313,2,5,12
anon16,27,12,1,8868,2,6,6
anon16,27,28,1,18237,2,7,10
anon16,27,31,1,21083,2,8,13
anon16,27,11,1,8169,2,9,9
anon16,27,21,1,12903,2,10,9
anon16,27,16,1,13037,2,11,12
anon16,27,22,1,15827,2,12,10
anon16,27,16,1,14038,2,13,10
anon16,27,15,1,11304,2,14,11
anon16,27,19,1,12961,2,15,13
anon16,27,10,1,6628,2,16,8
anon16,27,28,1,20067,2,17,10
anon16,27,9,1,7818,2,18,9
anon16,27,19,1,13367,2,19,13
anon16,27,12,1,8405,2,20,10
anon16,27,11,1,7670,2,21,9
anon16,27,17,1,11999,2,22,13
anon16,27,16,1,10637,2,23,10
anon16,27,15,1,10306,2,24,9
anon16,27,21,1,15045,2,25,7
anon16,27,17,1,12508,2,26,9
anon16,27,18,1,11394,2,27,14
anon16,27,19,1,12191,2,28,13
anon16,27,12,1,7909,2,29,10
anon16,27,20,1,11745,2,30,10
anon16,27,11,1,8088,2,31,9
anon16,27,20,1,13088,2,32,8
anon16,27,13,1,8331,2,33,11
anon16,27,20,1,11704,2,34,14
anon16,27,10,1,6686,2,35,6
anon16,27,18,1,10629,2,36,10
anon16,27,13,1,7822,2,37,11
anon16,27,15,1,9724,2,38,13
anon16,27,18,1,11819,2,39,8
anon16,27,11,1,7464,2,40,9
anon16,27,21,1,13847,2,41,9
anon16,27,18,1,11256,2,42,12
anon16,27,13,1,8288,2,43,9
anon16,27,29,1,20814,2,44,9
anon16,27,16,1,10687,2,45,8
anon16,27,9,1,6894,2,46,7
anon16,27,12,1,7615,2,47,10
anon16,27,17,1,11655,2,48,11
anon16,27,15,1,10246,2,49,11
anon16,27,16,1,10440,2,50,10
anon17,38,37,0,64067,0,1,-1
anon17,38,10,0,10097,0,2,-1
anon17,38,20,1,26817,1,1,12
anon17,38,23,1,24283,1,2,9
anon17,38,17,1,22872,1,3,5
anon17,38,22,1,28220,1,4,14
anon17,38,28,1,25487,1,5,12
anon17,38,24,1,25492,1,6,12
anon17,38,15,1,20610,1,7,11
anon17,38,10,1,11428,1,8,10
anon17,38,11,1,14745,1,9,9
anon17,38,10,1,9673,1,10,8
anon17,38,14,1,11266,1,11,12
anon17,38,18,1,16675,1,12,12
anon17,38,11,1,30498,1,13,7
anon17,38,16,1,14739,1,14,10
anon17,38,18,1,20089,1,15,14
anon17,38,15,1,14058,1,16,11
anon17,38,11,1,11817,1,17,9
anon17,38,16,1,23404,1,18,6
anon17,38,19,1,17194,1,19,9
anon17,38,16,1,13842,1,20,14
anon17,38,11,1,13948,1,21,9
anon17,38,11,1,11496,1,22,9
anon17,38,11,1,9939,1,23,7
anon17,38,10,1,10338,1,24,10
anon17,38,12,1,12863,1,25,10
anon17,38,14,1,12435,1,26,12
anon17,38,15,1,18347,1,27,11
anon17,38,12,1,10867,1,28,10
anon17,38,17,1,14962,1,29,11
anon17,38,11,1,9032,1,30,7
anon17,38,11,1,11515,1,31,9
anon17,38,18,1,21793,1,32,12
anon17,38,9,1,8859,1,33,7
anon17,38,21,1,19353,1,34,15
anon17,38,17,1,15602,1,35,13
anon17,38,8,1,9282,1,36,8
anon17,38,14,1,11947,1,37,12
anon17,38,15,1,14267,1,38,13
anon17,38,16,1,13098,1,39,8
anon17,38,8,1,10714,1,40,6
anon17,38,14,1,13089,1,41,10
anon17,38,14,1,12530,1,42,8
anon17,38,9,1,8746,1,43,7
anon17,38,20,1,15777,1,44,16
anon17,38,12,1,10322,1,45,8
anon17,38,14,1,12658,1,46,8
anon17,38,16,1,16179,1,47,10
anon17,38,8,1,8457,1,48,8
anon17,38,14,1,13666,1,49,10
anon17,38,12,1,10595,1,50,8
anon17,38,48,0,46067,2,1,12
anon17,38,17,0,413307,2,2,9
anon17,38,32,0,22530,2,3,10
anon17,38,20,0,15930,2,4,12
anon17,38,15,0,12474,2,5,7
anon17,38,12,0,9314,2,6,12
anon17,38,11,0,11195,2,7,9
anon17,38,15,0,10153,2,8,13
anon17,38,13,0,14203,2,9,11
anon17,38,20,0,17090,2,10,8
anon17,38,18,0,14930,2,11,10
anon17,38,11,0,9306,2,12,9
anon17,38,17,0,13322,2,13,11
anon17,38,15,0,16778,2,14,11
anon17,38,9,0,7506,2,15,9
anon17,38,10,0,7714,2,16,6
anon17,38,18,0,11202,2,17,14
anon17,38,9,0,8298,2,18,9
anon17,38,13,0,10467,2,19,11
anon17,38,17,0,12362,2,20,13
anon17,38,24,0,18322,2,21,14
anon17,38,12,0,9866,2,22,10
anon17,38,11,0,146394,2,23,9
anon17,38,20,0,17778,2,24,12
anon17,38,10,0,7098,2,25,8
anon17,38,11,0,7450,2,26,9
anon17,38,16,0,9650,2,27,10
anon17,38,15,0,11498,2,28,11
anon17,38,24,0,26995,2,29,14
anon17,38,18,0,13035,2,30,10
anon17,38,16,0,11619,2,31,10
anon17,38,9,0,7666,2,32,9
anon17,38,12,0,23618,2,33,10
anon17,38,8,0,7970,2,34,6
anon17,38,17,0,10705,2,35,13
anon17,38,12,0,8372,2,36,8
anon17,38,11,0,7954,2,37,9
anon17,38,13,0,8786,2,38,13
anon17,38,11,0,9058,2,39,9
anon17,38,10,0,7641,2,40,8
anon17,38,10,0,5923,2,41,10
anon17,38,13,0,9802,2,42,11
anon17,38,17,0,13106,2,43,13
anon17,38,18,0,20170,2,44,10
anon17,38,10,0,6346,2,45,10
anon17,38,9,0,6642,2,46,9
anon17,38,16,0,10065,2,47,10
anon17,38,15,0,10923,2,48,13
anon17,38,11,0,7058,2,49,7
anon17,38,12,0,8146,2,50,10
anon18,33,9,0,173431,0,1,-1
anon18,33,16,0,19808,0,2,-1
anon18,33,24,1,21873,1,1,12
anon18,33,25,1,21458,1,2,15
anon18,33,15,1,14875,1,3,13
anon18,33,13,1,12103,1,4,9
anon18,33,12,1,10121,1,5,10
anon18,33,26,1,21087,1,6,12
anon18,33,18,1,15042,1,7,16
anon18,33,21,1,15125,1,8,5
anon18,33,10,1,9558,1,9,8
anon18,33,11,1,11804,1,10,9
anon18,33,28,1,21245,1,11,12
anon18,33,10,1,8199,1,12,10
anon18,33,16,1,11876,1,13,12
anon18,33,8,1,11655,1,14,8
anon18,33,11,1,9229,1,15,9
anon18,33,12,1,10739,1,16,10
anon18,33,11,1,13935,1,17,9
anon18,33,10,1,8764,1,18,10
anon18,33,7,1,6307,1,19,7
anon18,33,11,1,8904,1,20,9
anon18,33,20,1,14743,1,21,14
anon18,33,12,1,9625,1,22,8
anon18,33,10,1,9290,1,23,8
anon18,33,14,1,10300,1,24,10
anon18,33,16,1,11376,1,25,14
anon18,33,9,1,11250,1,26,7
anon18,33,8,1,7666,1,27,8
anon18,33,11,1,8407,1,28,11
anon18,33,12,1,11021,1,29,10
anon18,33,10,1,9202,1,30,6
anon18,33,9,1,8460,1,31,9
anon18,33,9,1,6859,1,32,7
anon18,33,11,1,8632,1,33,11
anon18,33,11,1,8724,1,34,11
anon18,33,13,1,10025,1,35,7
anon18,33,10,1,8648,1,36,6
anon18,33,10,1,7291,1,37,10
anon18,33,8,1,6443,1,38,8
anon18,33,15,1,9399,1,39,13
anon18,33,14,1,9479,1,40,12
anon18,33,14,1,9662,1,41,12
anon18,33,9,1,6113,1,42,9
anon18,33,10,1,7591,1,43,10
anon18,33,10,1,7295,1,44,8
anon18,33,9,1,6882,1,45,7
anon18,33,14,1,10147,1,46,12
anon18,33,16,1,12178,1,47,14
anon18,33,10,1,8866,1,48,8
anon18,33,12,1,8048,1,49,12
anon18,33,11,1,7396,1,50,11
anon18,33,22,0,30968,2,1,12
anon18,33,23,0,16080,2,2,11
anon18,33,13,0,9588,2,3,11
anon18,33,13,0,11594,2,4,11
anon18,33,11,0,9202,2,5,11
anon18,33,9,0,7057,2,6,9
anon18,33,13,0,7561,2,7,13
anon18,33,14,0,9852,2,8,6
anon18,33,14,0,9256,2,9,10
anon18,33,10,0,5724,2,10,10
anon18,33,12,0,8867,2,11,10
anon18,33,17,0,10489,2,12,13
anon18,33,11,0,6748,2,13,9
anon18,33,13,0,7997,2,14,11
anon18,33,16,0,9321,2,15,14
anon18,33,8,0,12972,2,16,6
anon18,33,15,0,9222,2,17,13
anon18,33,9,0,6012,2,18,9
anon18,33,12,0,8656,2,19,12
anon18,33,11,0,11844,2,20,9
anon18,33,17,0,22146,2,21,13
anon18,33,12,0,7844,2,22,10
anon18,33,11,0,6553,2,23,9
anon18,33,12,0,6857,2,24,12
anon18,33,15,0,8982,2,25,13
anon18,33,15,0,9451,2,26,13
anon18,33,10,0,6415,2,27,10
anon18,33,10,0,5924,2,28,8
anon18,33,10,0,7156,2,29,10
anon18,33,16,0,9786,2,30,14
anon18,33,11,0,8516,2,31,9
anon18,33,14,0,7454,2,32,10
anon18,33,8,0,5177,2,33,8
anon18,33,14,0,8498,2,34,14
anon18,33,10,0,6122,2,35,10
anon18,33,10,0,5644,2,36,8
anon18,33,12,0,8257,2,37,10
anon18,33,11,0,6653,2,38,9
anon18,33,11,0,7445,2,39,7
anon18,33,9,0,5929,2,40,9
anon18,33,8,0,5349,2,41,8
anon18,33,10,0,6382,2,42,10
anon18,33,11,0,7008,2,43,9
anon18,33,12,0,7132,2,44,10
anon18,33,10,0,5488,2,45,10
anon18,33,9,0,5552,2,46,7
anon18,33,11,0,7050,2,47,9
anon18,33,13,0,7687,2,48,11
anon18,33,9,0,6126,2,49,9
anon18,33,12,0,7722,2,50,12
anon19,26,7,0,10335,0,1,-1
anon19,26,10,0,10398,0,2,-1
anon19,26,17,1,18994,1,1,11
anon19,26,28,1,24307,1,2,8
anon19,26,11,1,10903,1,3,7
anon19,26,20,1,17869,1,4,12
anon19,26,16,1,13415,1,5,12
anon19,26,26,1,21627,1,6,12
anon19,26,14,1,13267,1,7,8
anon19,26,17,1,14216,1,8,15
anon19,26,9,1,9296,1,9,7
anon19,26,13,1,11460,1,10,11
anon19,26,9,1,9141,1,11,7
anon19,26,19,1,16922,1,12,13
anon19,26,8,1,7855,1,13,8
anon19,26,20,1,16880,1,14,10
anon19,26,11,1,11330,1,15,9
anon19,26,12,1,9777,1,16,12
anon19,26,12,1,9131,1,17,8
anon19,26,16,1,12566,1,18,12
anon19,26,14,1,11636,1,19,12
anon19,26,18,1,15905,1,20,14
anon19,26,11,1,10739,1,21,9
anon19,26,11,1,10448,1,22,9
anon19,26,12,1,9225,1,23,10
anon19,26,15,1,12201,1,24,13
anon19,26,12,1,11163,1,25,8
anon19,26,10,1,8818,1,26,8
anon19,26,7,1,8968,1,27,5
anon19,26,11,1,8482,1,28,9
anon19,26,9,1,8536,1,29,7
anon19,26,14,1,11206,1,30,10
anon19,26,9,1,7799,1,31,7
anon19,26,10,1,8596,1,32,10
anon19,26,10,1,8097,1,33,8
anon19,26,11,1,10153,1,34,9
anon19,26,14,1,12546,1,35,12
anon19,26,10,1,10070,1,36,6
anon19,26,12,1,12414,1,37,10
anon19,26,16,1,13450,1,38,14
anon19,26,8,1,7571,1,39,6
anon19,26,10,1,7787,1,40,10
anon19,26,11,1,9865,1,41,9
anon19,26,10,1,8384,1,42,8
anon19,26,18,1,13415,1,43,16
anon19,26,14,1,10962,1,44,14
anon19,26,12,1,9532,1,45,12
anon19,26,11,1,9531,1,46,11
anon19,26,13,1,9595,1,47,11
anon19,26,11,1,8482,1,48,9
anon19,26,14,1,12032,1,49,10
anon19,26,10,1,9549,1,50,10
anon19,26,23,0,19783,2,1,9
anon19,26,28,0,21146,2,2,10
anon19,26,24,0,18026,2,3,14
anon19,26,9,0,7171,2,4,9
anon19,26,12,0,10322,2,5,10
anon19,26,15,0,10335,2,6,11
anon19,26,10,0,8176,2,7,8
anon19,26,9,0,8030,2,8,9
anon19,26,11,0,8375,2,9,9
anon19,26,9,0,6755,2,10,9
anon19,26,12,0,8418,2,11,10
anon19,26,15,0,10140,2,12,13
anon19,26,15,0,10511,2,13,13
anon19,26,12,0,8624,2,14,12
anon19,26,16,0,10477,2,15,10
anon19,26,10,0,7265,2,16,10
anon19,26,13,0,10634,2,17,9
anon19,26,15,0,11267,2,18,13
anon19,26,15,0,12692,2,19,11
anon19,26,10,0,6747,2,20,10
anon19,26,12,0,9022,2,21,10
anon19,26,15,0,10108,2,22,11
anon19,26,12,0,7843,2,23,10
anon19,26,11,0,8033,2,24,9
anon19,26,13,0,9543,2,25,9
anon19,26,9,0,7380,2,26,9
anon19,26,8,0,5697,2,27,6
anon19,26,15,0,10756,2,28,11
anon19,26,10,0,7600,2,29,8
anon19,26,10,0,8127,2,30,10
anon19,26,10,0,7679,2,31,6
anon19,26,11,0,7800,2,32,9
anon19,26,9,0,6558,2,33,7
anon19,26,15,0,10073,2,34,13
anon19,26,16,0,11003,2,35,14
anon19,26,14,0,11193,2,36,12
anon19,26,9,0,7957,2,37,9
anon19,26,11,0,7521,2,38,11
anon19,26,12,0,7597,2,39,12
anon19,26,12,0,8563,2,40,10
anon19,26,8,0,5925,2,41,8
anon19,26,8,0,6182,2,42,8
anon19,26,13,0,10010,2,43,7
anon19,26,12,0,8415,2,44,10
anon19,26,17,0,10717,2,45,13
anon19,26,14,0,8788,2,46,14
anon19,26,15,0,9797,2,47,11
anon19,26,16,0,11646,2,48,10
anon19,26,17,0,12962,2,49,13
anon19,26,12,0,9395,2,50,12
