"","gender","age","workerid","mean.acc","mean.RT","mean.mathmot","mean.mathanx","mean.genanx","pvt","z.RT","z.pvt","z.mathmot","z.mathanx","z.genanx"
"1","decline",25,"anon324",0.625,2.34270833333333,1.66666666666667,2.5,2.85,26.6785237883504,-1.40178060722786,0.4134797710205,-1.0935508060372,0.342979709065295,1.18931653339366
"2","decline",39,"anon381",0.958333333333333,4.71775,2,2.03333333333333,2.15,20.3133555897055,0.483224894201558,-0.104626698060575,-0.662758064264971,-0.266306033550068,0.108433176208249
"3","female",20,"anon253",0.583333333333333,3.69,2,2.3,1.3,15.8084914182475,-0.332472123364064,-0.471309745031884,-0.662758064264971,0.0818572479444249,-1.20406804323118
"4","female",20,"anon83",0.75,2.104875,2.33333333333333,2.03333333333333,2.45,35.6315695706396,-1.5905424079359,1.14223206679969,-0.23196532249274,-0.266306033550068,0.571668900716282
"5","female",21,"anon348",0.75,4.27954166666667,1.33333333333333,2.8,2.55,17.5252412154728,0.135430945700073,-0.331571226272013,-1.52434354780943,0.7346634007466,0.726080808885626
"6","female",21,"anon384",0.5,3.608125,1.33333333333333,3.03333333333333,2.95,13.8576130261562,-0.397454067721335,-0.630105661147372,-1.52434354780943,1.03930627205428,1.343728441563
"7","female",21,"anon60",0.875,2.83883333333333,1,2.56666666666667,2.8,30.8225209886691,-1.0080197871454,0.750789279635855,-1.95513628958167,0.430020529438919,1.11211057930899
"8","female",22,"anon0",1,2.79691666666667,3,2.3,2.75,35.7536573011948,-1.04128789708098,1.15216965855249,0.629620161051723,0.0818572479444249,1.03490462522431
"9","female",22,"anon223",0.583333333333333,1.46891666666667,1,1.43333333333333,1.65,39.7118057525387,-2.09528511364838,1.47435161105158,-1.95513628958167,-1.04967341691268,-0.663626364638472
"10","female",22,"anon266",0.666666666666667,2.35816666666667,3,1.56666666666667,2.85,28.2705491554173,-1.38951175157567,0.543066078228247,0.629620161051723,-0.875591776165431,1.18931653339366
"11","female",22,"anon73",0.916666666666667,4.94145833333333,2.33333333333333,2.6,3.15,18.5505291116826,0.660776069394529,-0.248115726728434,-0.23196532249274,0.47354093962573,1.65255225790169
"12","female",23,"anon247",0.5,3.144,1.66666666666667,3.13333333333333,3.8,15.9033078880407,-0.76581736451301,-0.463591955832575,-1.0935508060372,1.16986750261472,2.65622966100243
"13","female",23,"anon257",0.416666666666667,3.57247368421053,3,3.33333333333333,2.1,11.6632536303412,-0.425749540318526,-0.808720233925306,0.629620161051723,1.43098996373559,0.031227222123577
"14","female",23,"anon272",0.875,6.38520833333333,2.33333333333333,2.13333333333333,3.1,13.7035466083722,1.8066408897403,-0.642646226491591,-0.23196532249274,-0.135744802989633,1.57534630381702
"15","female",23,"anon86",1,5.06220833333333,2.33333333333333,2.23333333333333,1.75,19.7542245232236,0.756612036187084,-0.150138366184317,-0.23196532249274,-0.00518357242919811,-0.509214456469128
"16","female",24,"anon148",0.791666666666667,4.74027272727273,2.66666666666667,3.46666666666667,2.8,16.7008674862078,0.501100565779089,-0.398672887806054,0.198827419279491,1.60507160448283,1.11211057930899
"17","female",24,"anon162",0.541666666666667,1.35033333333333,2.66666666666667,3.36666666666667,2.75,40.113552209331,-2.18940145646812,1.50705262250935,0.198827419279491,1.4745103739224,1.03490462522431
"18","female",24,"anon196",0.583333333333333,3.07095833333333,1.66666666666667,3.76666666666667,1.75,18.99515623516,-0.823788534211888,-0.211924351761845,-1.0935508060372,1.99675529616414,-0.509214456469128
"19","female",25,"anon11",0.833333333333333,4.92895833333333,1.66666666666667,2.36666666666667,2.9,16.9068853290503,0.650855161859067,-0.381903625189313,-1.0935508060372,0.168898068318048,1.26652248747833
"20","female",25,"anon140",0.833333333333333,3.18483333333333,3.66666666666667,1.73333333333333,1.45,26.1656810926788,-0.733409066563836,0.371735843765763,1.49120564459619,-0.657989725231373,-0.972450180977161
"21","female",25,"anon229",0.458333333333333,2.618875,2,3.16666666666667,2.45,17.5011534851161,-1.18259469007774,-0.333531898564378,-0.662758064264971,1.21338791280153,0.571668900716282
"22","female",25,"anon334",1,6.41791666666667,2.33333333333333,3.1,3.25,15.5813802506005,1.83260059779142,-0.489795943901462,-0.23196532249274,1.12634709242791,1.80696416607104
"23","female",26,"anon1",0.75,3.79920833333333,2,2.8,2.65,19.7409548041807,-0.245796461195917,-0.151218483325677,-0.662758064264971,0.7346634007466,0.88049271705497
"24","female",26,"anon189",0.25,3.40470833333333,1.33333333333333,3.33333333333333,2.35,7.342772875797,-0.558900303015074,-1.16039499861514,-1.52434354780943,1.43098996373559,0.417256992546938
"25","female",26,"anon202",0.625,2.92629166666667,2.33333333333333,3.06666666666667,2.2,21.3580897324543,-0.938606504088959,-0.0195883297196951,-0.23196532249274,1.08282668224109,0.185639130292921
"26","female",26,"anon206",0.791666666666667,6.12204166666667,2,2.8,2.35,12.9314158539158,1.59777271642706,-0.705495459438094,-0.662758064264971,0.7346634007466,0.417256992546938
"27","female",26,"anon213",0.5,2.50329166666667,3,3.66666666666667,2.4,19.9737012932972,-1.27433001508897,-0.132273585421357,0.629620161051723,1.8661940656037,0.49446294663161
"28","female",26,"anon3",0.375,2.549875,2.66666666666667,2.8,2,14.7066032648659,-1.23735809967348,-0.561000286217009,0.198827419279491,0.7346634007466,-0.123184686045767
"29","female",26,"anon75",0.416666666666667,2.23558333333333,1.66666666666667,2.36666666666667,1.55,18.6379393894211,-1.48680278480676,-0.241000780359832,-1.0935508060372,0.168898068318048,-0.818038272807816
"30","female",27,"anon122",0.583333333333333,2.587875,2,2.83333333333333,2.95,22.5410165998487,-1.20719854076568,0.0766985307873527,-0.662758064264971,0.778183810933412,1.343728441563
"31","female",27,"anon236",0.875,4.15975,4,1.8,1.3,21.0349179638199,0.040355581818569,-0.0458935865060743,1.92199838636842,-0.57094890485775,-1.20406804323118
"32","female",27,"anon26",0.833333333333333,4.99470833333333,2.66666666666667,2.9,2,16.6843242431573,0.703039135495594,-0.400019460430144,0.198827419279491,0.865224631307035,-0.123184686045767
"33","female",27,"anon268",1,6.32041666666667,4,1.83333333333333,3.2,15.8217417100666,1.75521751901483,-0.470231209210925,1.92199838636842,-0.527428494670938,1.72975821198636
"34","female",27,"anon344",0.916666666666667,3.63891666666667,3,2.46666666666667,1.9,25.1906473996382,-0.373015565492315,0.292370892491743,0.629620161051723,0.299459298878484,-0.277596594215112
"35","female",27,"anon401",1,4.4805,3,1.96666666666667,2.45,22.3189376185694,0.294926069178504,0.0586219374818943,0.629620161051723,-0.353346853923692,0.571668900716282
"36","female",28,"anon215",0.916666666666667,3.17470833333333,3,2.16666666666667,1.75,28.8740435473075,-0.74144500166756,0.592188794036292,0.629620161051723,-0.0922243928028217,-0.509214456469128
"37","female",28,"anon219",0.625,5.6845,1,3.56666666666667,3.55,10.9948104494679,1.25050788299413,-0.863129595220318,-1.95513628958167,1.73563283504327,2.27019989057907
"38","female",28,"anon237",0.833333333333333,4.79041666666667,4,1,1.65,17.3958423936679,0.540898436674372,-0.342103919922257,1.92199838636842,-1.61543874934123,-0.663626364638472
"39","female",28,"anon331",0.666666666666667,5.50808695652174,1.66666666666667,3.46666666666667,2.85,12.1034157944314,1.11049368360236,-0.77289229387049,-1.0935508060372,1.60507160448283,1.18931653339366
"40","female",28,"anon358",0.833333333333333,2.65858333333333,2.33333333333333,2.53333333333333,1.75,31.3450145754318,-1.15107927380675,0.793318761796716,-0.23196532249274,0.386500119252107,-0.509214456469128
"41","female",28,"anon367",0.666666666666667,3.84241666666667,2,2.8,1.95,17.3501919364983,-0.211503190815006,-0.345819736447125,-0.662758064264971,0.7346634007466,-0.20039064013044
"42","female",28,"anon369",0.791666666666667,3.19904166666667,3.33333333333333,1.76666666666667,2.55,24.7469945426365,-0.722132301665195,0.256258820027135,1.06041290282395,-0.614469315044561,0.726080808885626
"43","female",28,"anon392",0.75,3.06039130434783,2,2.86666666666667,2.15,24.5066700762903,-0.832175295611068,0.236697096470654,-0.662758064264971,0.821704221120223,0.108433176208249
"44","female",28,"anon51",0.458333333333333,4.496125,2.33333333333333,2.46666666666667,2.7,10.1939633202665,0.307327203597831,-0.928316258861438,-0.23196532249274,0.299459298878484,0.957698671139643
"45","female",29,"anon364",1,4.922625,2,2.1,3.15,20.3143647952058,0.645828568707767,-0.104544551622021,-0.662758064264971,-0.179265213176445,1.65255225790169
"46","female",29,"anon395",0.875,3.50004166666667,3,1.3,1.65,24.9997023844954,-0.483236848211289,0.276828514899066,0.629620161051723,-1.22375505765992,-0.663626364638472
"47","female",29,"anon40",0.958333333333333,4.32754166666667,2,2.5,1.75,22.1449822358729,0.173527230636244,0.044462467332202,-0.662758064264971,0.342979709065295,-0.509214456469128
"48","female",29,"anon67",0.833333333333333,5.71866666666667,4,1.7,1.05,14.5721613429704,1.27762503025772,-0.571943473777174,1.92199838636842,-0.701510135418185,-1.59009781365454
"49","female",29,"anon8",0.708333333333333,5.00333333333333,2.66666666666667,3.03333333333333,2.1,14.1572285143238,0.709884561695062,-0.605717818153759,0.198827419279491,1.03930627205428,0.031227222123577
"50","female",30,"anon10",0.291666666666667,7.0154347826087,3,3.86666666666667,2.45,4.15749950936341,2.30683435611333,-1.41966713179965,0.629620161051723,2.12731652672457,0.571668900716282
"51","female",30,"anon142",0.333333333333333,1.77204166666667,1,3.56666666666667,2.75,18.8106938794705,-1.85470310591345,-0.226939059433677,-1.95513628958167,1.73563283504327,1.03490462522431
"52","female",30,"anon153",0.625,4.26970833333333,1,3.6,1.6,14.638002205459,0.127626498438843,-0.566584216060703,-1.95513628958167,1.77915324523008,-0.740832318723144
"53","female",30,"anon182",0.583333333333333,4.96452380952381,2.33333333333333,3.53333333333333,2.2,11.7500359694979,0.679082505918297,-0.80165639995959,-0.23196532249274,1.69211242485646,0.185639130292921
"54","female",30,"anon279",1,3.23425,3.33333333333333,1.1,2.2,30.919069336013,-0.69418841210698,0.758648038709752,1.06041290282395,-1.48487751878079,0.185639130292921
"55","female",30,"anon28",1,3.27408333333333,3,1.93333333333333,1.75,30.5429000483596,-0.662573786760643,0.728028935597231,0.629620161051723,-0.396867264110503,-0.509214456469128
"56","female",30,"anon309",0.916666666666667,6.49408333333333,2.33333333333333,1.76666666666667,3.05,14.1154127475009,1.89305199437417,-0.609121501862403,-0.23196532249274,-0.614469315044561,1.49814034973235
"57","female",30,"anon389",0.75,4.994,3,1.9,1.1,15.0180216259511,0.702476950735251,-0.53565172315732,0.629620161051723,-0.440387674297315,-1.51289185956987
"58","female",31,"anon109",0.875,2.47879166666667,3.66666666666667,1.93333333333333,1.5,35.2994570607319,-1.29377499385847,1.11519905926933,1.49120564459619,-0.396867264110503,-0.895244226892489
"59","female",31,"anon113",0.583333333333333,3.330625,3,1.7,3.1,17.5142303121286,-0.617698215008574,-0.332467482282072,0.629620161051723,-0.701510135418185,1.57534630381702
"60","female",31,"anon146",0.75,3.856,1,4.56666666666667,2.4,19.4502074688797,-0.200722471293139,-0.174884484063822,-1.95513628958167,3.04124514064762,0.49446294663161
"61","female",31,"anon289",0.875,6.93758333333333,2.33333333333333,2.76666666666667,2.85,12.6124611115782,2.24504579373233,-0.731457462356474,-0.23196532249274,0.691142990559788,1.18931653339366
"62","female",31,"anon360",0.458333333333333,5.12308695652174,1.66666666666667,1.96666666666667,1.55,8.94642892504236,0.804929731510153,-1.02986198717454,-1.0935508060372,-0.353346853923692,-0.818038272807816
"63","female",31,"anon44",0.625,6.36604166666667,2.33333333333333,4.03333333333333,3.25,9.81771770789017,1.79142883151926,-0.958941574587904,-0.23196532249274,2.34491857765863,1.80696416607104
"64","female",31,"anon66",0.791666666666667,4.222625,3,2.46666666666667,2.45,18.7482115192959,0.0902577467219389,-0.232024944676555,0.629620161051723,0.299459298878484,0.571668900716282
"65","female",31,"anon69",0.791666666666667,3.00439130434783,3.66666666666667,1.4,1.4,26.3503181333603,-0.876620961369935,0.386764770295848,1.49120564459619,-1.09319382709949,-1.04965613506183
"66","female",31,"anon98",0.708333333333333,2.42295833333333,2.33333333333333,2.26666666666667,1.85,29.2342350088563,-1.3380883808502,0.62150734784543,-0.23196532249274,0.0383368377576134,-0.354802548299784
"67","female",32,"anon119",0.791666666666667,4.57991666666667,1,1.06666666666667,2.2,17.2856129114431,0.373830353777206,-0.351076284208924,-1.95513628958167,-1.52839792896761,0.185639130292921
"68","female",32,"anon121",0.666666666666667,4.23604347826087,3.33333333333333,2.6,2.1,15.7379561868985,0.100907625289354,-0.477051110934491,1.06041290282395,0.47354093962573,0.031227222123577
"69","female",32,"anon129",0.5,4.30038095238095,1.33333333333333,1,1.3,11.6268769101298,0.151970515834191,-0.811681194810751,-1.52434354780943,-1.61543874934123,-1.20406804323118
"70","female",32,"anon138",0.708333333333333,3.02279166666667,2,1.6,1.25,23.433084758846,-0.862017097915199,0.149310325105085,-0.662758064264971,-0.83207136597862,-1.28127399731585
"71","female",32,"anon139",0.625,2.85625,2.66666666666667,1.36666666666667,1.55,21.8818380743982,-0.994196655979327,0.0230432859207849,0.198827419279491,-1.1367142372863,-0.818038272807816
"72","female",32,"anon372",0.916666666666667,5.68483333333333,3.33333333333333,2.23333333333333,2.05,16.1247764519628,1.25077244052841,-0.445565048752481,1.06041290282395,-0.00518357242919811,-0.0459787319610955
"73","female",32,"anon89",0.916666666666667,5.60608333333333,2.33333333333333,1.93333333333333,2.2,16.3512850623579,1.188270723055,-0.427127896318204,-0.23196532249274,-0.396867264110503,0.185639130292921
"74","female",33,"anon116",0.875,4.07279166666667,1.33333333333333,2.56666666666667,3.3,21.4840353156619,-0.0286608649364564,-0.00933671980530103,-1.52434354780943,0.430020529438919,1.88417012015571
"75","female",33,"anon210",0.833333333333333,3.12375,1,1,1.35,26.6773376017074,-0.781889234720457,0.413383218823589,-1.95513628958167,-1.61543874934123,-1.1268620891465
"76","female",33,"anon262",0.625,4.85725,1,2.93333333333333,2.4,12.867363219929,0.593942222297305,-0.710709160473888,-1.95513628958167,0.908745041493846,0.49446294663161
"77","female",33,"anon319",0.875,4.570125,3.66666666666667,2.73333333333333,3.75,19.146084625694,0.366058976207761,-0.199639212852191,1.49120564459619,0.647622580372977,2.57902370691776
"78","female",33,"anon349",0.833333333333333,4.07854166666667,1.66666666666667,2.06666666666667,2.5,20.4321397558359,-0.0240972474701443,-0.0949580069944604,-1.0935508060372,-0.222785623363256,0.648874854800954
"79","female",33,"anon386",0.583333333333333,4.95291304347826,3,2.3,2.6,11.7775807532385,0.669867359009996,-0.79941433341868,0.629620161051723,0.0818572479444249,0.803286762970298
"80","female",33,"anon4",0.583333333333333,3.36983333333333,3,1.76666666666667,1.55,17.310450566299,-0.58657963503901,-0.349054570209219,0.629620161051723,-0.614469315044561,-0.818038272807816
"81","female",33,"anon57",0.583333333333333,4.25054166666667,3.66666666666667,3.16666666666667,2.5,13.7237410918216,0.112414440217803,-0.641002453351846,1.49120564459619,1.21338791280153,0.648874854800954
"82","female",34,"anon12",0.833333333333333,4.2785,1.66666666666667,2.16666666666667,2.2,19.4772311168244,0.134604203405451,-0.172684836484779,-1.0935508060372,-0.0922243928028217,0.185639130292921
"83","female",34,"anon205",0.791666666666667,2.91583333333333,1.33333333333333,1.5,2.1,27.1506144612746,-0.946906996726962,0.451906600289046,-1.52434354780943,-0.962632596539055,0.031227222123577
"84","female",34,"anon271",0.791666666666667,4.35345833333333,2.66666666666667,2.9,2.15,18.1847764708134,0.194096578926433,-0.277886944613635,0.198827419279491,0.865224631307035,0.108433176208249
"85","female",34,"anon59",0.875,4.28033333333333,3,1.46666666666667,3.1,20.4423331516237,0.136059269843985,-0.0941282937591254,0.629620161051723,-1.00615300672587,1.57534630381702
"86","female",34,"anon77",0.916666666666667,4.09725,2.33333333333333,1.96666666666667,2.25,22.372729676409,-0.00924895585873714,0.0630004569934169,-0.23196532249274,-0.353346853923692,0.262845084377593
"87","female",35,"anon161",0.958333333333333,5.85978260869565,1.66666666666667,3.13333333333333,3.35,16.354417856922,1.38962488726965,-0.426872895809285,-1.0935508060372,1.16986750261472,1.96137607424038
"88","female",35,"anon173",0.708333333333333,3.386875,1.33333333333333,3.06666666666667,2.55,20.9140677861844,-0.573054131098998,-0.0557304449941019,-1.52434354780943,1.08282668224109,0.726080808885626
"89","female",35,"anon181",0.75,5.104125,1.66666666666667,2.13333333333333,2.2,14.6939975020204,0.789880146122664,-0.562026359224686,-1.0935508060372,-0.135744802989633,0.185639130292921
"90","female",35,"anon212",0.875,5.28116666666667,1,1.53333333333333,3.2,16.5683087701581,0.93039326651658,-0.409462787801635,-1.95513628958167,-0.919112186352243,1.72975821198636
"91","female",35,"anon41",0.666666666666667,3.66069565217391,2.66666666666667,3.5,2.55,18.2114748127385,-0.355730181377632,-0.275713776013303,0.198827419279491,1.64859201466964,0.726080808885626
"92","female",35,"anon95",0.708333333333333,5.62770833333333,2.33333333333333,2.6,2,12.586532410321,1.20543389309135,-0.733567984409784,-0.23196532249274,0.47354093962573,-0.123184686045767
"93","female",36,"anon17",0.625,2.71170833333333,1,3.8,2.95,23.0482014720118,-1.10891541678104,0.1179819274058,-1.95513628958167,2.04027570635095,1.343728441563
"94","female",36,"anon179",0.708333333333333,4.08529166666667,3,1.56666666666667,2.1,17.3386233133089,-0.018739957400995,-0.346761389255931,0.629620161051723,-0.875591776165431,0.031227222123577
"95","female",36,"anon184",0.833333333333333,4.88790909090909,2.66666666666667,2.23333333333333,2.9,17.0488713647157,0.618275502779736,-0.37034636836567,0.198827419279491,-0.00518357242919811,1.26652248747833
"96","female",36,"anon275",0.833333333333333,4.32933333333333,2,2.03333333333333,2.15,19.2485371111796,0.174949227382993,-0.191299873836015,-0.662758064264971,-0.266306033550068,0.108433176208249
"97","female",36,"anon31",0.5,2.33291666666667,1,2.73333333333333,2.45,21.4323986426148,-1.4095519847973,-0.0135397971651779,-1.95513628958167,0.647622580372977,0.571668900716282
"98","female",36,"anon330",0.833333333333333,4.01204166666667,3,3,1.75,20.7708045571145,-0.0768764755587976,-0.0673916617045039,0.629620161051723,0.99578586186747,-0.509214456469128
"99","female",36,"anon350",1,4.49329166666667,2.66666666666667,1.23333333333333,1.15,22.2553992525895,0.305078464556459,0.0534500963896185,0.198827419279491,-1.31079587803355,-1.43568590548519
"100","female",36,"anon353",0.958333333333333,3.15970833333333,2.33333333333333,1.03333333333333,1.8,30.3298036474886,-0.753350090710113,0.710683498621555,-0.23196532249274,-1.57191833915442,-0.432008502384456
"101","female",36,"anon398",0.583333333333333,3.52054166666667,1,3.06666666666667,1.75,16.5694199519487,-0.466966559853133,-0.409372340784988,-1.95513628958167,1.08282668224109,-0.509214456469128
"102","female",37,"anon106",0.458333333333333,1.2925,1.66666666666667,1.86666666666667,1.4,35.4609929078014,-2.23530218866553,1.12834761477381,-1.0935508060372,-0.483908084484126,-1.04965613506183
"103","female",37,"anon260",1,4.87616666666667,4,1.46666666666667,1.9,20.5079126362922,0.608955862367636,-0.0887903114489378,1.92199838636842,-1.00615300672587,-0.277596594215112
"104","female",37,"anon277",0.666666666666667,3.03475,1,2.7,1.2,21.9677623088118,-0.852526096372941,0.0300372726170024,-1.95513628958167,0.604102170186165,-1.35847995140052
"105","female",38,"anon111",0.666666666666667,4.52979166666667,3.66666666666667,1.1,2.3,14.7173803063055,0.334047514560006,-0.560123065896488,1.49120564459619,-1.48487751878079,0.340051038462265
"106","female",38,"anon145",0.791666666666667,6.48882608695652,2.66666666666667,2.56666666666667,2.9,12.2004605464466,1.88887946195853,-0.764993128877462,0.198827419279491,0.430020529438919,1.26652248747833
"107","female",38,"anon177",0.833333333333333,4.798875,2.66666666666667,1.3,1.85,17.3651810754257,0.547611584106701,-0.344599663449544,0.198827419279491,-1.22375505765992,-0.354802548299784
"108","female",38,"anon20",0.75,4.34445833333333,1.66666666666667,1.63333333333333,2.25,17.2633719201665,0.186953525500901,-0.35288663722703,-1.0935508060372,-0.788550955791808,0.262845084377593
"109","female",38,"anon243",1,4.51766666666667,4,1.3,2.6,22.1353205932266,0.324424234250609,0.0436760372802683,1.92199838636842,-1.22375505765992,0.803286762970298
"110","female",38,"anon248",0.791666666666667,4.891,2.33333333333333,3.36666666666667,3.4,16.186192326041,0.62072867264305,-0.4405659724247,-0.23196532249274,1.4745103739224,2.03858202832505
"111","female",38,"anon278",0.833333333333333,5.16691666666667,1.66666666666667,3.5,2.85,16.128251858781,0.839716171642464,-0.44528216058692,-1.0935508060372,1.64859201466964,1.18931653339366
"112","female",38,"anon306",0.791666666666667,3.7075,3,1,1.05,21.3531130591144,-0.318582852814418,-0.0199934166822777,0.629620161051723,-1.61543874934123,-1.59009781365454
"113","female",38,"anon320",0.666666666666667,2.71866666666667,3,1.76666666666667,2.75,24.5218244237371,-1.10339277825297,0.237930616968755,0.629620161051723,-0.614469315044561,1.03490462522431
"114","female",38,"anon354",0.875,3.82308333333333,2.33333333333333,1.8,1.55,22.8872855679316,-0.226847527803186,0.104883833485877,-0.23196532249274,-0.57094890485775,-0.818038272807816
"115","female",38,"anon370",0.875,3.12483333333333,2.66666666666667,1.6,2.25,28.001493412982,-0.78102942273405,0.521165711050389,0.198827419279491,-0.83207136597862,0.262845084377593
"116","female",39,"anon238",0.791666666666667,3.41108333333333,1,3.83333333333333,2.1,23.2086580509613,-0.553840640171988,0.131042633575052,-1.95513628958167,2.08379611653776,0.031227222123577
"117","female",39,"anon280",0.833333333333333,4.65666666666667,3.33333333333333,1.63333333333333,1.9,17.8954903364352,0.434744726044937,-0.301434007779808,1.06041290282395,-0.788550955791808,-0.277596594215112
"118","female",39,"anon283",0.666666666666667,6.859,2.33333333333333,1.83333333333333,1.7,9.71958983330903,2.18267635502606,-0.966928902657018,-0.23196532249274,-0.527428494670938,-0.5864204105538
"119","female",40,"anon117",0.916666666666667,3.782625,3,1.6,1.9,24.2336120198716,-0.258958198526296,0.214470952392421,0.629620161051723,-0.83207136597862,-0.277596594215112
"120","female",40,"anon245",0.625,3.14729166666667,1,3.4,2.75,19.8583438141259,-0.763204858862005,-0.141663353978964,-1.95513628958167,1.51803078410921,1.03490462522431
"121","female",40,"anon387",0.875,5.13160869565217,2,2.23333333333333,2.5,17.0511832038432,0.811693202386502,-0.370158191279054,-0.662758064264971,-0.00518357242919811,0.648874854800954
"122","female",41,"anon120",1,3.06058333333333,4,1.2,2.15,32.6735099518066,-0.832022887466321,0.9014544821993,1.92199838636842,-1.35431628822036,0.108433176208249
"123","female",41,"anon267",0.791666666666667,4.06079166666667,2,1.93333333333333,2.3,19.4953775433772,-0.0381849361704988,-0.171207769313215,-0.662758064264971,-0.396867264110503,0.340051038462265
"124","female",41,"anon292",0.916666666666667,3.152625,3,1.46666666666667,1.65,29.0762988514862,-0.758971938313541,0.608651796777249,0.629620161051723,-1.00615300672587,-0.663626364638472
"125","female",41,"anon305",0.833333333333333,5.057,1.33333333333333,2.6,2.1,16.4788082525872,0.752478324713976,-0.41674787370863,-1.52434354780943,0.47354093962573,0.031227222123577
"126","female",41,"anon333",0.666666666666667,3.2535,1,2.56666666666667,2.4,20.4907535474617,-0.678910214502369,-0.0901870121564687,-1.95513628958167,0.430020529438919,0.49446294663161
"127","female",41,"anon352",0.916666666666667,3.669125,3,1.13333333333333,1.95,24.9832498665667,-0.349040038948284,0.275489327040159,0.629620161051723,-1.44135710859398,-0.20039064013044
"128","female",41,"anon383",0.791666666666667,3.99125,2.33333333333333,2.06666666666667,3.55,19.8350558513415,-0.0933782517594482,-0.143558927480525,-0.23196532249274,-0.222785623363256,2.27019989057907
"129","female",42,"anon186",0.708333333333333,6.15369565217391,2.33333333333333,2.5,1.65,11.5106981783069,1.62289561749475,-0.821137810983107,-0.23196532249274,0.342979709065295,-0.663626364638472
"130","female",42,"anon264",0.583333333333333,6.01727272727273,2.33333333333333,2.66666666666667,2.35,9.69431434758523,1.51462047960181,-0.968986254835937,-0.23196532249274,0.560581759999353,0.417256992546938
"131","female",42,"anon34",0.666666666666667,3.80625,1,2.1,1.1,17.5150519978106,-0.240207683284274,-0.33240059941989,-1.95513628958167,-0.179265213176445,-1.51289185956987
"132","female",43,"anon214",0.833333333333333,6.41565217391304,3,3.16666666666667,2.45,12.9890665943797,1.83080333193355,-0.700802854207647,0.629620161051723,1.21338791280153,0.571668900716282
"133","female",43,"anon287",0.708333333333333,4.34375,3,1.86666666666667,3.1,16.3069544364508,0.186391340740558,-0.430736282356726,0.629620161051723,-0.483908084484126,1.57534630381702
"134","female",43,"anon304",0.916666666666667,3.8695,3,2.03333333333333,3,23.6895378386527,-0.19000789115484,0.170184871624046,0.629620161051723,-0.266306033550068,1.42093439564768
"135","female",43,"anon85",0.916666666666667,2.98595833333333,4,1.36666666666667,1.05,30.6992450776551,-0.891250705453024,0.740754973395248,1.92199838636842,-1.1367142372863,-1.59009781365454
"136","female",44,"anon112",0.541666666666667,2.92229166666667,2.33333333333333,3.46666666666667,2.8,18.5356811862836,-0.941781194500307,-0.249324305349075,-0.23196532249274,1.60507160448283,1.11211057930899
"137","female",44,"anon239",0.791666666666667,4.23770833333333,2.66666666666667,1.6,1.1,18.6814807531586,0.102228975148062,-0.237456638002395,0.198827419279491,-0.83207136597862,-1.51289185956987
"138","female",44,"anon24",0.916666666666667,5.12575,2,1.43333333333333,1.95,17.8835617551903,0.807043316159012,-0.302404960143844,-0.662758064264971,-1.04967341691268,-0.20039064013044
"139","female",45,"anon100",0.916666666666667,4.38933333333333,2,3.33333333333333,3.45,20.8839611178615,0.222569583553207,-0.0581810416058164,-0.662758064264971,1.43098996373559,2.11578798240972
"140","female",45,"anon143",0.916666666666667,3.75216666666667,2.33333333333333,2.5,1.8,24.4303291431617,-0.283132143221036,0.23048316306383,-0.23196532249274,0.342979709065295,-0.432008502384456
"141","female",45,"anon361",0.75,3.402875,2,2.73333333333333,2.55,22.0401866069133,-0.560355369453608,0.0359324031452121,-0.662758064264971,0.647622580372977,0.726080808885626
"142","female",45,"anon62",0.958333333333333,5.84045833333333,2.66666666666667,1.83333333333333,1.9,16.4085295817252,1.3742877393449,-0.422468356322078,0.198827419279491,-0.527428494670938,-0.277596594215112
"143","female",46,"anon156",0.916666666666667,4.76358333333333,2.66666666666667,1.26666666666667,1.5,19.24321676609,0.519601555164915,-0.191732934695154,0.198827419279491,-1.26727546784674,-0.895244226892489
"144","female",47,"anon19",0.708333333333333,4.02895833333333,1,2.9,1.75,17.5810538290501,-0.0634501806941399,-0.32702823930792,-1.95513628958167,0.865224631307035,-0.509214456469128
"145","female",48,"anon329",0.833333333333333,3.81533333333333,1,3.33333333333333,2.25,21.8416914205836,-0.232998490475172,0.0197754632326507,-1.95513628958167,1.43098996373559,0.262845084377593
"146","female",50,"anon285",0.625,3.8865,1.66666666666667,1.76666666666667,1.2,16.0813070886402,-0.176515456906613,-0.449103330482271,-1.0935508060372,-0.614469315044561,-1.35847995140052
"147","female",51,"anon144",0.791666666666667,3.62925,2,2.16666666666667,1.95,21.8135060044545,-0.380687733986405,0.0174812510493308,-0.662758064264971,-0.0922243928028217,-0.20039064013044
"148","female",51,"anon356",0.625,5.02575,2.66666666666667,4.1,2.35,12.435954832612,0.727676055875323,-0.745824568159787,0.198827419279491,2.43195939803225,0.417256992546938
"149","female",52,"anon273",0.666666666666667,4.93517391304348,2.33333333333333,3.8,3.25,13.5084736305785,0.655788297185758,-0.658524608426472,-0.23196532249274,2.04027570635095,1.80696416607104
"150","female",52,"anon32",0.75,4.13421739130435,1,2.7,2.25,18.1412811425326,0.0200910498178747,-0.281427339816685,-1.95513628958167,0.604102170186165,0.262845084377593
"151","female",52,"anon325",0.958333333333333,2.79904166666667,2,1.36666666666667,1.35,34.2379088080742,-1.03960134279995,1.02879207051752,-0.662758064264971,-1.1367142372863,-1.1268620891465
"152","female",52,"anon375",0.541666666666667,2.33020833333333,3,1.8,2,23.2454179704962,-1.41170151476332,0.134034785788402,0.629620161051723,-0.57094890485775,-0.123184686045767
"153","female",53,"anon157",0.833333333333333,4.89847826086956,3,1.76666666666667,2.35,17.0120859776032,0.626663963412091,-0.373340593566925,0.629620161051723,-0.614469315044561,0.417256992546938
"154","female",53,"anon204",0.833333333333333,3.4975,2,2.7,2.45,23.8265427686443,-0.485254099410166,0.181336680705814,-0.662758064264971,0.604102170186165,0.571668900716282
"155","female",53,"anon365",0.958333333333333,3.86270833333333,3,2.8,3.1,24.8098808047031,-0.195398250915774,0.261377581727726,0.629620161051723,0.7346634007466,1.57534630381702
"156","female",53,"anon400",0.916666666666667,2.08054166666667,2.66666666666667,2.63333333333333,1.55,44.0590391124106,-1.60985510793827,1.82820396122738,0.198827419279491,0.517061349812542,-0.818038272807816
"157","female",54,"anon234",0.875,3.5175,2.66666666666667,2.2,1.4,24.8756218905473,-0.469380647353428,0.266728717910982,0.198827419279491,-0.0487039826160096,-1.04965613506183
"158","female",54,"anon241",0.833333333333333,4.95683333333333,3,2.03333333333333,1.1,16.8118086143707,0.672978785663146,-0.389642597577336,0.629620161051723,-0.266306033550068,-1.51289185956987
"159","female",54,"anon382",0.875,5.15679166666667,4,1.26666666666667,1.15,16.967914481711,0.831680236538741,-0.376936026877802,1.92199838636842,-1.26727546784674,-1.43568590548519
"160","female",55,"anon269",0.583333333333333,1.917625,2,2.36666666666667,2.25,30.4195728222845,-1.73915760281711,0.717990452457551,-0.662758064264971,0.168898068318048,0.262845084377593
"161","female",55,"anon380",0.791666666666667,5.64181818181818,1.66666666666667,2.8,2.2,14.0321194542915,1.21663249326395,-0.615901337476494,-1.0935508060372,0.7346634007466,0.185639130292921
"162","female",55,"anon7",0.625,4.847,1,3.16666666666667,1.6,12.8945739632763,0.585807078118227,-0.708494283864699,-1.95513628958167,1.21338791280153,-0.740832318723144
"163","female",55,"anon76",0.625,4.44904166666667,2.33333333333333,2.3,2.25,14.0479691319292,0.269958451880927,-0.614611219091461,-0.23196532249274,0.0818572479444249,0.262845084377593
"164","female",56,"anon127",0.875,5.64066666666667,3,2.5,2.65,15.5123507859591,1.21571856723644,-0.495414744704799,0.629620161051723,0.342979709065295,0.88049271705497
"165","female",56,"anon135",0.958333333333333,4.84745833333333,2.66666666666667,1.9,2.65,19.7698106395964,0.58617084472786,-0.148869700931714,0.198827419279491,-0.440387674297315,0.88049271705497
"166","female",56,"anon314",0.875,3.85258333333333,3,1.43333333333333,1.9,22.7120330514157,-0.203434186019498,0.0906187803567278,0.629620161051723,-1.04967341691268,-0.277596594215112
"167","female",57,"anon134",0.833333333333333,4.06891666666667,2,1.83333333333333,1.15,20.4804718700719,-0.0317363462724492,-0.0910239112614765,-0.662758064264971,-0.527428494670938,-1.43568590548519
"168","female",57,"anon211",0.875,4.378625,2.66666666666667,1.23333333333333,2.05,19.9834422906734,0.214070672764495,-0.131480696121585,0.198827419279491,-1.31079587803355,-0.0459787319610955
"169","female",57,"anon221",1,5.19466666666667,3,1.56666666666667,1.3,19.2505133470226,0.861740586371188,-0.191139013895987,0.629620161051723,-0.875591776165431,-1.20406804323118
"170","female",57,"anon256",0.833333333333333,4.30579166666667,3,1.73333333333333,1.45,19.3537773734989,0.156264851524541,-0.182733617766452,0.629620161051723,-0.657989725231373,-0.972450180977161
"171","female",57,"anon351",0.791666666666667,5.036625,3,2.33333333333333,1.7,15.7181975363794,0.736307245431174,-0.47865940852142,0.629620161051723,0.125377658131237,-0.5864204105538
"172","female",57,"anon36",0.625,3.78833333333333,1,3.86666666666667,2.05,16.4980202375715,-0.254427650751768,-0.415184073131235,-1.95513628958167,2.12731652672457,-0.0459787319610955
"173","female",58,"anon137",0.875,5.08478260869565,2,2.06666666666667,1.95,17.2082086361693,0.774528620071052,-0.357376770622215,-0.662758064264971,-0.222785623363256,-0.20039064013044
"174","female",58,"anon29",0.916666666666667,3.69082608695652,2,3.1,2.6,24.836354926237,-0.331816480779111,0.263532499430118,-0.662758064264971,1.12634709242791,0.803286762970298
"175","female",58,"anon345",0.75,4.68636363636364,2.33333333333333,3.2,2.05,16.003879728419,0.4583143972807,-0.455405695944191,-0.23196532249274,1.25690832298834,-0.0459787319610955
"176","female",58,"anon346",0.625,3.46070588235294,2.66666666666667,2.46666666666667,2.15,18.0598993744901,-0.514456582532194,-0.288051582754536,0.198827419279491,0.299459298878484,0.108433176208249
"177","female",58,"anon39",0.791666666666667,3.71333333333333,2,2.73333333333333,3.25,21.3195691202873,-0.313953095964536,-0.0227237972727716,-0.662758064264971,0.647622580372977,1.80696416607104
"178","female",59,"anon207",0.791666666666667,3.58275,2.33333333333333,2.33333333333333,1.65,22.0966203800619,-0.417593510018321,0.0405259507201474,-0.23196532249274,0.125377658131237,-0.663626364638472
"179","female",59,"anon231",0.833333333333333,4.9555652173913,4,2.06666666666667,2,16.8161107114238,0.671972316782737,-0.389292419193314,1.92199838636842,-0.222785623363256,-0.123184686045767
"180","female",59,"anon299",0.833333333333333,2.93108333333333,3.33333333333333,1.93333333333333,1.15,28.4308987007079,-0.934803489533699,0.556118072164079,1.06041290282395,-0.396867264110503,-1.43568590548519
"181","female",60,"anon136",0.666666666666667,4.2785,2,3.03333333333333,1.4,15.5817848934595,0.134604203405451,-0.489763007131155,-0.662758064264971,1.03930627205428,-1.04965613506183
"182","female",61,"anon131",0.791666666666667,3.57595833333333,2.66666666666667,2.1,1.85,22.1385875581138,-0.422983869779255,0.0439419588693756,0.198827419279491,-0.179265213176445,-0.354802548299784
"183","female",61,"anon149",0.875,4.255375,3,2.2,2.15,20.5622301207297,0.116250524464847,-0.0843690237165464,0.629620161051723,-0.0487039826160096,0.108433176208249
"184","female",61,"anon235",0.833333333333333,6.31275,2.66666666666667,3.16666666666667,1.25,13.2007973281586,1.74913269572641,-0.683568578623617,0.198827419279491,1.21338791280153,-1.28127399731585
"185","female",62,"anon252",0.75,3.72295833333333,2.66666666666667,1.3,1.75,20.1452697787378,-0.306313997162231,-0.118308401875044,0.198827419279491,-1.22375505765992,-0.509214456469128
"186","female",63,"anon180",0.916666666666667,4.16470833333333,2.33333333333333,2.46666666666667,2.15,22.0103448620852,0.0442908751409688,0.033503370547551,-0.23196532249274,0.299459298878484,0.108433176208249
"187","female",63,"anon38",0.875,3.12641666666667,4,1,1,27.9873124183703,-0.779772774446225,0.520011418686538,1.92199838636842,-1.61543874934123,-1.66730376773921
"188","female",64,"anon6",0.875,4.00620833333333,2,1.63333333333333,1.55,21.8411007914799,-0.0815062324086795,0.0197273877144685,-0.662758064264971,-0.788550955791808,-0.818038272807816
"189","female",65,"anon251",0.916666666666667,4.59269565217391,2.66666666666667,2.9,2.3,19.9592295264061,0.383972684466357,-0.133451545816319,0.198827419279491,0.865224631307035,0.340051038462265
"190","female",65,"anon33",0.375,2.688625,1.33333333333333,3.16666666666667,1.6,13.9476498210052,-1.12723602602986,-0.62277692380521,-1.52434354780943,1.21338791280153,-0.740832318723144
"191","female",67,"anon316",0.916666666666667,5.92152173913043,1,2.43333333333333,1,15.4802550264939,1.43862554361871,-0.4980272476411,-1.95513628958167,0.255938888691672,-1.66730376773921
"192","female",67,"anon326",0.875,1.27679166666667,3,1,2.3,68.5311490389322,-2.24776946246842,3.82016365016278,0.629620161051723,-1.61543874934123,0.340051038462265
"193","female",76,"anon228",0.875,4.55529166666667,4,1.16666666666667,1.05,19.2084297566018,0.354286165932347,-0.194564497678777,1.92199838636842,-1.39783669840717,-1.59009781365454
"194","male",19,"anon105",0.958333333333333,4.524125,2.66666666666667,1.96666666666667,1.8,21.1827333093876,0.329550036477263,-0.0338618405446112,0.198827419279491,-0.353346853923692,-0.432008502384456
"195","male",20,"anon321",0.958333333333333,3.883,2.33333333333333,2.16666666666667,2,24.6802300626663,-0.179293311016542,0.250824382491811,-0.23196532249274,-0.0922243928028217,-0.123184686045767
"196","male",21,"anon124",0.958333333333333,4.42145833333333,2.33333333333333,1.93333333333333,1.65,21.6745983131508,0.248066315919342,0.00617456264400413,-0.23196532249274,-0.396867264110503,-0.663626364638472
"197","male",21,"anon150",0.625,1.28954166666667,3.33333333333333,2.33333333333333,2.35,48.466832530938,-2.23765013678225,2.18698572680558,1.06041290282395,0.125377658131237,0.417256992546938
"198","male",21,"anon290",0.541666666666667,2.18530434782609,2,3.33333333333333,2.95,24.7867839189315,-1.5267078381023,0.259497561347989,-0.662758064264971,1.43098996373559,1.343728441563
"199","male",21,"anon317",0.541666666666667,2.22720833333333,2,2.13333333333333,1.8,24.32043103287,-1.49344979285552,0.221537771503862,-0.662758064264971,-0.135744802989633,-0.432008502384456
"200","male",21,"anon394",0.916666666666667,4.02916666666667,1.66666666666667,2.83333333333333,1.6,22.7507755946225,-0.0632848322352157,0.0937723124610928,-1.0935508060372,0.778183810933412,-0.740832318723144
"201","male",21,"anon72",0.833333333333333,3.3385652173913,2.66666666666667,2.83333333333333,1.7,24.960822361424,-0.611396282004526,0.273663792327304,0.198827419279491,0.778183810933412,-0.5864204105538
"202","male",22,"anon165",0.75,4.457,2.33333333333333,2.46666666666667,1.75,16.8274624186673,0.276274763011837,-0.388368422721519,-0.23196532249274,0.299459298878484,-0.509214456469128
"203","male",22,"anon172",0.875,5.007375,1.33333333333333,2.5,2.05,17.4742255173619,0.713092321798194,-0.335723758049822,-1.52434354780943,0.342979709065295,-0.0459787319610955
"204","male",22,"anon183",0.791666666666667,4.71116666666667,1.66666666666667,3.43333333333333,3.8,16.8040471220858,0.477999882899548,-0.390274360829624,-1.0935508060372,1.56155119429602,2.65622966100243
"205","male",22,"anon258",0.583333333333333,4.9647,1.33333333333333,3.03333333333333,2.75,11.7496189766418,0.67922234347213,-0.801690341984304,-1.52434354780943,1.03930627205428,1.03490462522431
"206","male",22,"anon335",1,5.36275,4,2.26666666666667,2.75,18.6471493170482,0.995143723031357,-0.240251118617294,1.92199838636842,0.0383368377576134,1.03490462522431
"207","male",23,"anon171",0.625,4.52341666666667,3,2.63333333333333,2.25,13.8169893701295,0.328987851716921,-0.633412310450002,0.629620161051723,0.517061349812542,0.262845084377593
"208","male",23,"anon230",0.5,1.78991666666667,2.33333333333333,3.1,2.75,27.9342613715722,-1.84051620813774,0.515693215352418,-0.23196532249274,1.12634709242791,1.03490462522431
"209","male",23,"anon296",0.875,4.5735,3,2.13333333333333,1.25,19.1319558325134,0.368737621242336,-0.200789256168998,0.629620161051723,-0.135744802989633,-1.28127399731585
"210","male",23,"anon396",0.958333333333333,4.30473913043478,2.66666666666667,1.7,1.45,22.2622859201352,0.155429482353801,0.0540106514125945,0.198827419279491,-0.701510135418185,-0.972450180977161
"211","male",23,"anon81",0.916666666666667,5.26341666666667,3.66666666666667,2.56666666666667,1.85,17.4158103893225,0.916305577816225,-0.340478582240617,1.49120564459619,0.430020529438919,-0.354802548299784
"212","male",24,"anon123",0.583333333333333,2.96720833333333,2,3.56666666666667,2.65,19.6593318635642,-0.906132066756216,-0.157862357020611,-0.662758064264971,1.73563283504327,0.88049271705497
"213","male",24,"anon198",0.708333333333333,1.522,1.66666666666667,2.7,1.85,46.5396408234779,-2.05315432631446,2.03011783900851,-1.0935508060372,0.604102170186165,-0.354802548299784
"214","male",24,"anon2",0.5,6.142625,2.33333333333333,2.7,2.05,8.13984249404774,1.61410914416878,-1.09551581355108,-0.23196532249274,0.604102170186165,-0.0459787319610955
"215","male",24,"anon254",0.375,1.11383333333333,2.66666666666667,3.4,2.7,33.6675145892563,-2.37710502703905,0.982363614037945,0.198827419279491,1.51803078410921,0.957698671139643
"216","male",24,"anon276",0.291666666666667,2.74704166666667,2.33333333333333,2.93333333333333,2.25,10.6174824432344,-1.08087231814747,-0.893843014708061,-0.23196532249274,0.908745041493846,0.262845084377593
"217","male",24,"anon366",0.708333333333333,3.0045,2,2.76666666666667,2.3,23.5757474898763,-0.876534692608757,0.160922662994178,-0.662758064264971,0.691142990559788,0.340051038462265
"218","male",24,"anon79",0.833333333333333,5.66778260869565,3,1.6,1.65,14.7029868798216,1.23723974752496,-0.56129464960658,0.629620161051723,-0.83207136597862,-0.663626364638472
"219","male",24,"anon84",0.875,4.35966666666667,3,2.76666666666667,2.65,20.0703417692484,0.199023963002379,-0.124407327342572,0.629620161051723,0.691142990559788,0.88049271705497
"220","male",25,"anon101",0.958333333333333,3.68591666666667,2.33333333333333,2.13333333333333,1.45,25.9998643485338,-0.335712953158981,0.358238835494751,-0.23196532249274,-0.135744802989633,-0.972450180977161
"221","male",25,"anon125",0.666666666666667,5.1815,4,1,1,12.8662871111969,0.851290563767169,-0.710796752643981,1.92199838636842,-1.61543874934123,-1.66730376773921
"222","male",25,"anon227",1,3.76166666666667,3,1.6,2.75,26.5839610101905,-0.275592253494086,0.405782631593873,0.629620161051723,-0.83207136597862,1.03490462522431
"223","male",25,"anon274",0.541666666666667,3.777375,2.33333333333333,1.6,1.05,14.3397641660324,-0.263124979691189,-0.590859938670181,-0.23196532249274,-0.83207136597862,-1.59009781365454
"224","male",25,"anon308",0.916666666666667,3.555625,2.33333333333333,2.76666666666667,3.3,25.7807464697955,-0.439121879370272,0.340403267459044,-0.23196532249274,0.691142990559788,1.88417012015571
"225","male",25,"anon397",0.833333333333333,4.63219047619048,2.33333333333333,2.63333333333333,1.5,17.9900489329331,0.415318644242167,-0.293737208728495,-0.23196532249274,0.517061349812542,-0.895244226892489
"226","male",25,"anon53",0.833333333333333,2.68558333333333,1.33333333333333,3.3,2.05,31.0298817761504,-1.12965011353016,0.767667854101605,-1.52434354780943,1.38746955354877,-0.0459787319610955
"227","male",25,"anon61",0.833333333333333,3.647625,2.66666666666667,1.13333333333333,2.6,22.8459157214169,-0.366103999909277,0.101516446413727,0.198827419279491,-1.44135710859398,0.803286762970298
"228","male",25,"anon82",0.875,2.68195833333333,2.66666666666667,1.66666666666667,2.85,32.6254136436373,-1.13252717671544,0.897539580405072,0.198827419279491,-0.745030545604996,1.18931653339366
"229","male",26,"anon107",0.833333333333333,4.79054166666667,2.33333333333333,2.86666666666667,1.7,17.3953884825133,0.540997645749727,-0.342140866990781,-0.23196532249274,0.821704221120223,-0.5864204105538
"230","male",26,"anon126",0.958333333333333,4.65586956521739,2.33333333333333,1.2,1.2,20.5833372243234,0.434112088462966,-0.0826509659097182,-0.23196532249274,-1.35431628822036,-1.35847995140052
"231","male",26,"anon263",0.875,3.80769565217391,2,2,1.65,22.9797777955399,-0.239060308760608,0.112412436025205,-0.662758064264971,-0.30982644373688,-0.663626364638472
"232","male",26,"anon27",0.833333333333333,6.43921739130435,3,2.23333333333333,2.1,12.9415312869959,1.84950639935692,-0.704672092143974,0.629620161051723,-0.00518357242919811,0.031227222123577
"233","male",26,"anon281",0.833333333333333,6.1434347826087,2,3.46666666666667,1.8,13.564615932644,1.61475184643956,-0.653954785763271,-0.662758064264971,1.60507160448283,-0.432008502384456
"234","male",26,"anon399",0.25,1.860625,3.33333333333333,3.7,2.6,13.4363453140746,-1.78439694117881,-0.664395646899982,1.06041290282395,1.90971447579052,0.803286762970298
"235","male",26,"anon48",0.75,4.39504166666667,2,2.86666666666667,2.05,17.0646846351476,0.227100131327734,-0.369059213422956,-0.662758064264971,0.821704221120223,-0.0459787319610955
"236","male",26,"anon64",0.916666666666667,5.286875,2.33333333333333,2.4,1.8,17.3385348938015,0.934923814291107,-0.346768586350709,-0.23196532249274,0.21241847850486,-0.432008502384456
"237","male",27,"anon114",0.875,3.98329166666667,3.33333333333333,1.96666666666667,2.2,21.9667569744453,-0.0996945628903585,0.0299554412776557,1.06041290282395,-0.353346853923692,0.185639130292921
"238","male",27,"anon13",0.583333333333333,4.78129166666667,2,1.96666666666667,1.75,12.200329408894,0.533656174173485,-0.76500380309882,-0.662758064264971,-0.353346853923692,-0.509214456469128
"239","male",27,"anon175",0.916666666666667,4.06545833333333,3,2.3,2.35,22.5476832255486,-0.0344811306905937,0.0772411750340211,0.629620161051723,0.0818572479444249,0.417256992546938
"240","male",27,"anon225",0.833333333333333,6.7645,2,3.53333333333333,1.9,12.3192155123562,2.10767429405798,-0.755326814625728,-0.662758064264971,1.69211242485646,-0.277596594215112
"241","male",27,"anon343",0.666666666666667,2.72770833333333,4,1.36666666666667,1.05,24.440540746964,-1.09621665513565,0.231314358379421,1.92199838636842,-1.1367142372863,-1.59009781365454
"242","male",27,"anon49",0.916666666666667,3.42408333333333,3,1.1,1.35,26.7711552970381,-0.543522896335109,0.421019710640962,0.629620161051723,-1.48487751878079,-1.1268620891465
"243","male",27,"anon97",0.875,4.70159090909091,2.33333333333333,1,1.8,18.610721709286,0.470399866460261,-0.243216221603689,-0.23196532249274,-1.61543874934123,-0.432008502384456
"244","male",28,"anon14",0.416666666666667,2.3925,1.33333333333333,3.83333333333333,2.75,17.415534656914,-1.36226232554494,-0.340501026069303,-1.52434354780943,2.08379611653776,1.03490462522431
"245","male",28,"anon152",0.875,3.43258333333333,2.66666666666667,2.06666666666667,1.75,25.4910053166954,-0.536776679210995,0.316819167071541,0.198827419279491,-0.222785623363256,-0.509214456469128
"246","male",28,"anon187",0.958333333333333,3.91195652173913,3,1.83333333333333,2.7,24.4975456145226,-0.156311313038743,0.235954391404389,0.629620161051723,-0.527428494670938,0.957698671139643
"247","male",28,"anon242",0.833333333333333,5.21908333333333,2,2.46666666666667,1.65,15.9670440211404,0.881119425757122,-0.458404017062917,-0.662758064264971,0.299459298878484,-0.663626364638472
"248","male",28,"anon301",0.916666666666667,3.68054166666667,3,2.83333333333333,2.2,24.9057543613372,-0.339978943399229,0.269181414769644,0.629620161051723,0.778183810933412,0.185639130292921
"249","male",28,"anon310",0.833333333333333,3.95079166666667,3,2.86666666666667,2.35,21.0928189497885,-0.125488922482558,-0.0411806120079466,0.629620161051723,0.821704221120223,0.417256992546938
"250","male",28,"anon312",0.958333333333333,4.19245833333333,3.33333333333333,3.36666666666667,3.45,22.858505848796,0.0663152898696928,0.102541246739197,1.06041290282395,1.4745103739224,2.11578798240972
"251","male",28,"anon340",0.708333333333333,3.390375,3.33333333333333,1.93333333333333,1.5,20.8924774791383,-0.570276276989069,-0.0574878341786403,1.06041290282395,-0.396867264110503,-0.895244226892489
"252","male",28,"anon342",0.625,2.047125,2,3,2.1,30.5306222140807,-1.63637700074973,0.727029555036079,-0.662758064264971,0.99578586186747,0.031227222123577
"253","male",28,"anon35",0.541666666666667,3.12729166666667,2.33333333333333,2.73333333333333,2.05,17.320631536873,-0.779078310918743,-0.34822586835072,-0.23196532249274,0.647622580372977,-0.0459787319610955
"254","male",28,"anon357",0.958333333333333,4.59933333333333,1,2.2,3.2,20.8363530946514,0.389240830148955,-0.0620561984022317,-1.95513628958167,-0.0487039826160096,1.72975821198636
"255","male",28,"anon402",0.375,2.30629166666667,1,3.1,3.4,16.259868837058,-1.43068351784784,-0.434568915350016,-1.95513628958167,1.12634709242791,2.03858202832505
"256","male",28,"anon58",0.958333333333333,4.84779166666667,2,2,2.1,19.7684512707676,0.58643540226214,-0.148980349662753,-0.662758064264971,-0.30982644373688,0.031227222123577
"257","male",28,"anon80",0.791666666666667,4.02920833333333,2.33333333333333,2.43333333333333,2.4,19.6481939173328,-0.0632517625434311,-0.158768953957988,-0.23196532249274,0.255938888691672,0.49446294663161
"258","male",28,"anon88",0.666666666666667,4.85575,2.33333333333333,1.93333333333333,1.35,13.7294273112633,0.59275171339305,-0.640539611367881,-0.23196532249274,-0.396867264110503,-1.1268620891465
"259","male",28,"anon90",0.458333333333333,4.03254166666667,3,1.66666666666667,1.7,11.3658672673355,-0.0606061872006411,-0.832926632512308,0.629620161051723,-0.745030545604996,-0.5864204105538
"260","male",28,"anon91",1,4.259875,2.66666666666667,1.53333333333333,1.85,23.4748672202823,0.119822051177614,0.15271129785061,0.198827419279491,-0.919112186352243,-0.354802548299784
"261","male",28,"anon99",0.916666666666667,3.63958333333333,3.33333333333333,2.2,2.5,25.186033199771,-0.372486450423757,0.291995309832151,1.06041290282395,-0.0487039826160096,0.648874854800954
"262","male",29,"anon108",0.958333333333333,3.83695833333333,2.66666666666667,1,1.8,24.9763810309816,-0.215835320438824,0.274930223487721,0.198827419279491,-1.61543874934123,-0.432008502384456
"263","male",29,"anon154",0.875,3.77458333333333,1.66666666666667,2.1,1.95,23.1813665967546,-0.265340649040776,0.128821187332966,-1.0935508060372,-0.179265213176445,-0.20039064013044
"264","male",29,"anon188",0.708333333333333,6.576,2.33333333333333,2.66666666666667,2.1,10.7714922952149,1.95806700842322,-0.881307053658309,-0.23196532249274,0.560581759999353,0.031227222123577
"265","male",29,"anon197",0.875,4.715375,2.33333333333333,1.76666666666667,2.25,18.5563184264242,0.48133992176982,-0.247644493082196,-0.23196532249274,-0.614469315044561,0.262845084377593
"266","male",29,"anon291",1,3.54975,2.33333333333333,2.93333333333333,3,28.1709979576026,-0.443784705911938,0.534962895722631,-0.23196532249274,0.908745041493846,1.42093439564768
"267","male",29,"anon311",0.958333333333333,3.98673913043478,3,2.2,2.75,24.0380246105749,-0.096958405348332,0.198550697205924,0.629620161051723,-0.0487039826160096,1.03490462522431
"268","male",29,"anon313",0.916666666666667,6.61779166666667,3,2.46666666666667,2.45,13.8515491698515,1.99123590928345,-0.630599241690891,0.629620161051723,0.299459298878484,0.571668900716282
"269","male",29,"anon355",0.75,5.07330434782609,1.66666666666667,2.6,2.05,14.7832644875992,0.765418638890664,-0.554760282153294,-1.0935508060372,0.47354093962573,-0.0459787319610955
"270","male",29,"anon385",0.916666666666667,5.26478260869565,2.66666666666667,2.16666666666667,2.85,17.4112918765656,0.917389688581694,-0.340846376243369,0.198827419279491,-0.0922243928028217,1.18931653339366
"271","male",29,"anon391",1,5.43629166666667,2.33333333333333,2.33333333333333,3.4,18.3948923515571,1.05351172903165,-0.260784113443657,-0.23196532249274,0.125377658131237,2.03858202832505
"272","male",29,"anon5",0.5,4.31454545454545,3,1,1.4,11.5887062789718,0.163212493134981,-0.81478817491162,0.629620161051723,-1.61543874934123,-1.04965613506183
"273","male",29,"anon55",0.958333333333333,2.769,2.33333333333333,2.2,2.3,34.6093655952811,-1.06344459057685,1.05902758958471,-0.23196532249274,-0.0487039826160096,0.340051038462265
"274","male",29,"anon87",1,3.55216666666667,3,1.13333333333333,1.6,28.15183221508,-0.441866663788416,0.533402859149231,0.629620161051723,-1.44135710859398,-0.740832318723144
"275","male",30,"anon103",0.958333333333333,6.02491666666667,2.66666666666667,2.23333333333333,1.7,15.9061674435331,1.52068726487652,-0.463359196201868,0.198827419279491,-0.00518357242919811,-0.5864204105538
"276","male",30,"anon133",0.375,4.09204347826087,2.33333333333333,1.23333333333333,1.5,9.16412550336284,-0.0133812295191596,-1.01214210892393,-0.23196532249274,-1.31079587803355,-0.895244226892489
"277","male",30,"anon167",0.916666666666667,5.530625,4,1.2,2.9,16.574377519117,1.1283815112326,-0.408968809010074,1.92199838636842,-1.35431628822036,1.26652248747833
"278","male",30,"anon190",0.833333333333333,4.19529166666667,2,2.66666666666667,1.75,19.8635374973929,0.068564028911064,-0.141240603029575,-0.662758064264971,0.560581759999353,-0.509214456469128
"279","male",30,"anon288",0.916666666666667,3.90183333333333,2.66666666666667,1.23333333333333,1.55,23.4932296783563,-0.164345810329781,0.154205949369546,0.198827419279491,-1.31079587803355,-0.818038272807816
"280","male",30,"anon293",0.875,4.29570833333333,3,2.3,1.2,20.3691669010737,0.148261986112603,-0.100083817092572,0.629620161051723,0.0818572479444249,-1.35847995140052
"281","male",30,"anon374",0.833333333333333,4.85045833333333,3,2.36666666666667,1.7,17.1805069967615,0.588551862536371,-0.359631604765388,0.629620161051723,0.168898068318048,-0.5864204105538
"282","male",31,"anon151",0.958333333333333,5.99775,3,1.86666666666667,2.25,15.9782140524919,1.49912582583279,-0.457494808488617,0.629620161051723,-0.483908084484126,0.262845084377593
"283","male",31,"anon169",0.958333333333333,5.647625,3.33333333333333,1.63333333333333,1.4,16.9687848136754,1.22124120576452,-0.376865184347501,1.06041290282395,-0.788550955791808,-1.04965613506183
"284","male",31,"anon193",0.875,3.24445833333333,2.66666666666667,2.16666666666667,1.45,26.9690626324374,-0.686086337619686,0.437128801170694,0.198827419279491,-0.0922243928028217,-0.972450180977161
"285","male",31,"anon209",0.666666666666667,2.61175,2.33333333333333,3.66666666666667,2.15,25.5256692511407,-1.18824960737295,0.319640712099012,-0.23196532249274,1.8661940656037,0.108433176208249
"286","male",31,"anon25",0.875,4.20691666666667,3,1.3,1.25,20.7990808787116,0.0777904729190425,-0.0650900500763296,0.629620161051723,-1.22375505765992,-1.28127399731585
"287","male",31,"anon78",1,3.007875,2,1,1.45,33.2460624194822,-0.873856047574182,0.948058613957237,-0.662758064264971,-1.61543874934123,-0.972450180977161
"288","male",31,"anon9",0.75,3.08841666666667,3,3.23333333333333,2.9,24.2842880656215,-0.809932333354027,0.218595837440408,0.629620161051723,1.30042873317515,1.26652248747833
"289","male",32,"anon166",1,3.50170833333333,3.66666666666667,1.53333333333333,1.9,28.5574897966469,-0.481914060539894,0.566422224966827,1.49120564459619,-0.919112186352243,-0.277596594215112
"290","male",32,"anon199",1,4.546875,3,1.26666666666667,1.75,21.9931271477663,0.347606088191803,0.0321018978930991,0.629620161051723,-1.26727546784674,-0.509214456469128
"291","male",32,"anon222",0.791666666666667,4.79029166666667,3,2.36666666666667,1.95,16.5264815120861,0.540799227599018,-0.412867406865065,0.629620161051723,0.168898068318048,-0.20039064013044
"292","male",32,"anon282",0.791666666666667,4.08134782608696,3,1.53333333333333,2,19.3971869196379,-0.0218700756190675,-0.179200204984161,0.629620161051723,-0.919112186352243,-0.123184686045767
"293","male",32,"anon338",0.833333333333333,5.23795833333333,3.66666666666667,1.9,1.15,15.909506725744,0.896099996135669,-0.463087388189645,1.49120564459619,-0.440387674297315,-1.43568590548519
"294","male",32,"anon359",0.791666666666667,3.38091666666667,3.33333333333333,1.96666666666667,1.85,23.4157403071159,-0.577783097024234,0.147898536388185,1.06041290282395,-0.353346853923692,-0.354802548299784
"295","male",32,"anon378",0.875,1.69966666666667,4,1,2.1,51.4806824867621,-1.91214516054377,2.43230448511972,1.92199838636842,-1.61543874934123,0.031227222123577
"296","male",33,"anon102",0.875,2.90558333333333,2.33333333333333,1.96666666666667,2.75,30.1144348524393,-0.95504214090604,0.693153095265208,-0.23196532249274,-0.353346853923692,1.03490462522431
"297","male",33,"anon163",0.916666666666667,5.78441666666667,2.66666666666667,2.43333333333333,2.05,15.8471756011122,1.32980900389425,-0.468160963292296,0.198827419279491,0.255938888691672,-0.0459787319610955
"298","male",33,"anon18",0.916666666666667,3.822625,2.66666666666667,1.86666666666667,2.25,23.9800311740405,-0.22721129441282,0.19383019749641,0.198827419279491,-0.483908084484126,0.262845084377593
"299","male",33,"anon191",0.708333333333333,4.54316666666667,3,2.2,2.15,15.5911808943835,0.34466288562295,-0.488998199554941,0.629620161051723,-0.0487039826160096,0.108433176208249
"300","male",33,"anon220",0.875,5.139125,3.66666666666667,1.16666666666667,2.85,17.0262447401065,0.817658687221956,-0.37218811083305,1.49120564459619,-1.39783669840717,1.18931653339366
"301","male",33,"anon246",0.708333333333333,4.32665217391304,1.33333333333333,4.4,2.2,16.37139536208,0.172821264607271,-0.425490975492856,-1.52434354780943,2.82364308971356,0.185639130292921
"302","male",33,"anon339",1,4.19908333333333,3,1.2,1,23.8147214669868,0.071573370863487,0.18037446059308,0.629620161051723,-1.35431628822036,-1.66730376773921
"303","male",33,"anon341",0.875,3.58958333333333,4,1,1.05,24.376088218224,-0.412170080565602,0.226068107055547,1.92199838636842,-1.61543874934123,-1.59009781365454
"304","male",33,"anon347",0.958333333333333,5.03541666666667,3,3,3.7,19.0318576748035,0.735348224369412,-0.208936959644241,0.629620161051723,0.99578586186747,2.50181775283309
"305","male",33,"anon371",0.916666666666667,3.69625,1.66666666666667,2.23333333333333,2.25,24.7999098185097,-0.327511669596333,0.260565971996661,-1.0935508060372,-0.00518357242919811,0.262845084377593
"306","male",33,"anon390",0.875,3.68404166666667,2.66666666666667,1.6,2.05,23.7510885915604,-0.3372010892893,0.175194926702418,0.198827419279491,-0.83207136597862,-0.0459787319610955
"307","male",34,"anon176",0.958333333333333,2.949125,3.33333333333333,2.9,1.5,32.4955142061911,-0.92048431299085,0.886966138074801,1.06041290282395,0.865224631307035,-0.895244226892489
"308","male",34,"anon178",0.958333333333333,2.41291666666667,4,1.1,1.8,39.7168019340356,-1.34605817657035,1.47475828592229,1.92199838636842,-1.48487751878079,-0.432008502384456
"309","male",34,"anon216",0.708333333333333,4.836125,3,2.26666666666667,2.8,14.6467126745759,0.577175888562376,-0.565875208811035,0.629620161051723,0.0383368377576134,1.11211057930899
"310","male",34,"anon224",0.791666666666667,3.33145833333333,2.66666666666667,2.16666666666667,2,23.7633668938778,-0.617036821172876,0.176194345360562,0.198827419279491,-0.0922243928028217,-0.123184686045767
"311","male",34,"anon327",0.833333333333333,4.583625,3,1.1,1.5,18.180661230649,0.376773556346059,-0.278221913381858,0.629620161051723,-1.48487751878079,-0.895244226892489
"312","male",35,"anon130",0.708333333333333,6.151625,3,2.66666666666667,2.9,11.5145727077534,1.62125219759431,-0.820822435378218,0.629620161051723,0.560581759999353,1.26652248747833
"313","male",35,"anon132",0.875,6.34670833333333,3.33333333333333,2.16666666666667,1.85,13.7866741946284,1.77608449453108,-0.635879878949099,1.06041290282395,-0.0922243928028217,-0.354802548299784
"314","male",35,"anon217",0.916666666666667,2.61695833333333,3.66666666666667,2.8,2.65,35.0279427452354,-1.18411589589984,1.09309857128273,1.49120564459619,0.7346634007466,0.88049271705497
"315","male",35,"anon295",0.791666666666667,5.67104166666667,3.66666666666667,2.4,2.6,13.9598104404688,1.23982637254762,-0.621787084194457,1.49120564459619,0.21241847850486,0.803286762970298
"316","male",35,"anon332",0.875,5.75616666666667,3,2.56666666666667,2.55,15.2010886874946,1.30738775286411,-0.520750588434516,0.629620161051723,0.430020529438919,0.726080808885626
"317","male",36,"anon115",0.75,6.1574347826087,3,2.1,2.6,12.1803969750249,1.62586326287927,-0.76662624615293,0.629620161051723,-0.179265213176445,0.803286762970298
"318","male",36,"anon128",0.291666666666667,2.23570588235294,1,4,3.15,13.0458424325344,-1.48670552100739,-0.696181463520485,-1.95513628958167,2.30139816747182,1.65255225790169
"319","male",36,"anon159",1,4.58058333333333,2.66666666666667,2.7,3.3,21.8312805865337,0.374359468845763,0.018928051145266,0.198827419279491,0.604102170186165,1.88417012015571
"320","male",36,"anon174",0.958333333333333,3.32495833333333,2.33333333333333,2.7,1.9,28.8224163210065,-0.622195693091316,0.587986485614507,-0.23196532249274,0.604102170186165,-0.277596594215112
"321","male",36,"anon307",0.958333333333333,4.31041666666667,3.66666666666667,1.7,3.3,22.2329627839536,0.159935587312662,0.0516238320740781,1.49120564459619,-0.701510135418185,1.88417012015571
"322","male",36,"anon328",0.875,2.83904166666667,3.33333333333333,1.23333333333333,1.05,30.8202591837034,-1.00785443868648,0.750605175186778,1.06041290282395,-1.31079587803355,-1.59009781365454
"323","male",36,"anon362",0.958333333333333,4.58291666666667,2.66666666666667,2.03333333333333,1.35,20.9109919083553,0.376211371585716,-0.0559808126437274,0.198827419279491,-0.266306033550068,-1.1268620891465
"324","male",36,"anon373",0.5,3.78783333333333,2.66666666666667,2.8,2,13.2001584019008,-0.254824487053187,-0.683620585391875,0.198827419279491,0.7346634007466,-0.123184686045767
"325","male",36,"anon52",0.791666666666667,4.329,2.33333333333333,1.86666666666667,1.8,18.2875182875183,0.174684669848714,-0.269524054864506,-0.23196532249274,-0.483908084484126,-0.432008502384456
"326","male",36,"anon93",0.875,4.04266666666667,3,1.33333333333333,1.35,21.6441292875989,-0.0525702520969179,0.00369447119121444,0.629620161051723,-1.18023464747311,-1.1268620891465
"327","male",36,"anon96",0.791666666666667,6.87075,3,1,1,11.5222743756747,2.1920020081094,-0.820195541657864,0.629620161051723,-1.61543874934123,-1.66730376773921
"328","male",37,"anon15",0.916666666666667,4.154375,2,1.96666666666667,1.4,22.0650920214633,0.0360895915783207,0.0379596325900317,-0.662758064264971,-0.353346853923692,-1.04965613506183
"329","male",37,"anon155",0.875,4.35279166666667,2,2.9,1.85,20.1020417931021,0.193567463857875,-0.121827036152132,-0.662758064264971,0.865224631307035,-0.354802548299784
"330","male",37,"anon249",0.708333333333333,2.709,1.66666666666667,2.76666666666667,2.45,26.1474098683401,-1.11106494674706,0.370248618411695,-1.0935508060372,0.691142990559788,0.571668900716282
"331","male",37,"anon42",0.791666666666667,6.727375,2.33333333333333,2.13333333333333,1.1,11.7678391150585,2.07820919867766,-0.800207274878038,-0.23196532249274,-0.135744802989633,-1.51289185956987
"332","male",37,"anon71",1,2.919625,3,2.16666666666667,3.5,34.2509740120735,-0.943897654774539,1.02985554071982,0.629620161051723,-0.0922243928028217,2.1929939364944
"333","male",38,"anon203",0.791666666666667,3.790875,3,2.2,1.4,20.8834811663974,-0.252410399552892,-0.058220108280983,0.629620161051723,-0.0487039826160096,-1.04965613506183
"334","male",38,"anon240",0.875,4.17775,2.66666666666667,1.53333333333333,2,20.9442881934055,0.0546416886696329,-0.053270590361688,0.198827419279491,-0.919112186352243,-0.123184686045767
"335","male",38,"anon259",0.708333333333333,4.424625,3,3.33333333333333,3.6,16.0088896422484,0.250579612494992,-0.454997903300926,0.629620161051723,1.43098996373559,2.34740584466374
"336","male",38,"anon376",0.75,3.392625,2.66666666666667,1.4,1,22.1067757267603,-0.568490513632686,0.0413525668685338,0.198827419279491,-1.09319382709949,-1.66730376773921
"337","male",39,"anon110",1,4.98579166666667,3,1.76666666666667,1.45,20.0569952949632,0.695962221453631,-0.125493692140924,0.629620161051723,-0.614469315044561,-0.972450180977161
"338","male",39,"anon164",0.791666666666667,5.579125,3,1.96666666666667,2.4,14.1897997744569,1.16687463247019,-0.603066610824365,0.629620161051723,-0.353346853923692,0.49446294663161
"339","male",39,"anon244",0.916666666666667,4.967875,4,1.33333333333333,1,18.4518867054156,0.681742253986137,-0.256144936203767,1.92199838636842,-1.18023464747311,-1.66730376773921
"340","male",39,"anon265",0.875,3.51813043478261,2.33333333333333,1.36666666666667,1.4,24.8711642794468,-0.468880288538596,0.266365881128717,-0.23196532249274,-1.1367142372863,-1.04965613506183
"341","male",39,"anon377",0.75,5.89213636363636,1.33333333333333,2.76666666666667,2.7,12.7288296419727,1.41530317616499,-0.721985397123746,-1.52434354780943,0.691142990559788,0.957698671139643
"342","male",40,"anon158",0.833333333333333,3.967875,2,2.16666666666667,2.1,21.0020056915435,-0.111930348850761,-0.0485725512476801,-0.662758064264971,-0.0922243928028217,0.031227222123577
"343","male",40,"anon168",0.958333333333333,6.05004166666667,3,2.2,2.5,15.8401112939994,1.5406282890228,-0.468735977667488,0.629620161051723,-0.0487039826160096,0.648874854800954
"344","male",40,"anon195",0.833333333333333,5.493,3,2,1.45,15.1708234722981,1.09851957955086,-0.523214090307848,0.629620161051723,-0.30982644373688,-0.972450180977161
"345","male",40,"anon200",0.833333333333333,4.01154166666667,3.33333333333333,1.93333333333333,1.45,20.773393437685,-0.0772733118602158,-0.067180934237548,1.06041290282395,-0.396867264110503,-0.972450180977161
"346","male",40,"anon218",0.708333333333333,2.47966666666667,2,1.7,1.7,28.5656674284178,-1.29308053033099,0.567087860781947,-0.662758064264971,-0.701510135418185,-0.5864204105538
"347","male",40,"anon255",0.875,5.69954166666667,2,2.83333333333333,2.1,15.3521116464043,1.26244604172847,-0.508457751929808,-0.662758064264971,0.778183810933412,0.031227222123577
"348","male",41,"anon16",0.916666666666667,5.33930434782609,3,1.16666666666667,1.6,17.1682789919981,0.976535551245279,-0.360626929346633,0.629620161051723,-1.39783669840717,-0.740832318723144
"349","male",41,"anon192",1,2.92120833333333,2.66666666666667,1.6,1.1,34.2324095337261,-0.942641006486713,1.02834444532898,0.198827419279491,-0.83207136597862,-1.51289185956987
"350","male",41,"anon30",0.583333333333333,3.77429166666667,3,2.6,1.8,15.4554386584679,-0.26557213688327,-0.500047228953782,0.629620161051723,0.47354093962573,-0.432008502384456
"351","male",42,"anon297",0.916666666666667,5.19629166666667,3,1.03333333333333,1.35,17.6407854960669,0.863030304350799,-0.322166252613367,0.629620161051723,-1.57191833915442,-1.1268620891465
"352","male",42,"anon368",0.916666666666667,4.90804166666667,3,1.56666666666667,1.75,18.6768313906599,0.634254176583062,-0.237835082799537,0.629620161051723,-0.875591776165431,-0.509214456469128
"353","male",43,"anon284",0.916666666666667,4.95504166666667,2,1.46666666666667,3.05,18.4996762556655,0.671556788916396,-0.252255003625989,-0.662758064264971,-1.00615300672587,1.49814034973235
"354","male",44,"anon208",0.583333333333333,4.08025,1.33333333333333,3.1,1.6,14.2965096092968,-0.022741390106964,-0.594380735758735,-1.52434354780943,1.12634709242791,-0.740832318723144
"355","male",44,"anon323",0.833333333333333,3.2695,3,1.4,1.3,25.4880970586736,-0.666211452856979,0.316582443194367,0.629620161051723,-1.09319382709949,-1.20406804323118
"356","male",44,"anon54",0.958333333333333,4.69,1.33333333333333,2.16666666666667,1.3,20.4335465529495,0.461200479472834,-0.0948434977368102,-1.52434354780943,-0.0922243928028217,-1.20406804323118
"357","male",45,"anon21",0.333333333333333,3.79466666666667,2.33333333333333,1.06666666666667,1.4,8.78425860857343,-0.249401057600468,-1.04306218667176,-0.23196532249274,-1.52839792896761,-1.04965613506183
"358","male",45,"anon226",0.666666666666667,7.60494444444444,2.66666666666667,2.76666666666667,1.95,8.76622665079005,2.77471202382001,-1.0445299364132,0.198827419279491,0.691142990559788,-0.20039064013044
"359","male",45,"anon286",0.958333333333333,4.61354166666667,4,1.4,1.45,20.7721833370964,0.400517595047596,-0.0672794329611677,1.92199838636842,-1.09319382709949,-0.972450180977161
"360","male",45,"anon337",0.916666666666667,3.73970833333333,3,1.5,2.25,24.5117154858333,-0.293019981064713,0.23710777836339,0.629620161051723,-0.962632596539055,0.262845084377593
"361","male",45,"anon50",1,5.06433333333333,3,1.63333333333333,1.95,19.7459356282498,0.758298590468113,-0.150813058505617,0.629620161051723,-0.788550955791808,-0.20039064013044
"362","male",45,"anon94",0.833333333333333,3.51341666666667,2.66666666666667,1.03333333333333,1.45,23.7186024999407,-0.472621477148346,0.172550651846188,0.198827419279491,-1.57191833915442,-0.972450180977161
"363","male",46,"anon232",0.541666666666667,6.44715789473684,2.66666666666667,2.06666666666667,1.8,8.40163488331592,1.85580855938403,-1.07420666252741,0.198827419279491,-0.222785623363256,-0.432008502384456
"364","male",47,"anon185",1,3.01608333333333,3,1.3,2.25,33.1555825712154,-0.867341318292563,0.940693813335241,0.629620161051723,-1.22375505765992,0.262845084377593
"365","male",48,"anon170",0.625,2.76816666666667,1.33333333333333,3.4,2.55,22.5781202962249,-1.06410598441254,0.0797186654514243,-1.52434354780943,1.51803078410921,0.726080808885626
"366","male",48,"anon318",0.916666666666667,5.23166666666667,2.33333333333333,1.56666666666667,1.7,17.5215036635871,0.891106472676153,-0.331875452295596,-0.23196532249274,-0.875591776165431,-0.5864204105538
"367","male",48,"anon56",0.875,4.34820833333333,3,1.6,2.4,20.1232308326226,0.189929797761539,-0.120102308995428,0.629620161051723,-0.83207136597862,0.49446294663161
"368","male",50,"anon270",0.916666666666667,3.88058333333333,3.66666666666667,1.06666666666667,1.8,23.6218781540576,-0.181211353140065,0.164677566995053,1.49120564459619,-1.52839792896761,-0.432008502384456
"369","male",50,"anon92",0.458333333333333,4.85833333333333,1.66666666666667,2.43333333333333,1.65,9.43396226415094,0.594802034283712,-0.990178169088063,-1.0935508060372,0.255938888691672,-0.663626364638472
"370","male",51,"anon37",0.958333333333333,3.25916666666667,2,1.66666666666667,3.25,29.4042444387625,-0.674412736419627,0.635345628734527,-0.662758064264971,-0.745030545604996,1.80696416607104
"371","male",51,"anon74",0.541666666666667,5.40436363636364,2,1.26666666666667,1,10.0227649934957,1.02817132611759,-0.942251312551723,-0.662758064264971,-1.26727546784674,-1.66730376773921
"372","male",52,"anon302",0.916666666666667,2.92545833333333,2.66666666666667,1.73333333333333,1.7,31.3341214339633,-0.939267897924657,0.792432091266215,0.198827419279491,-0.657989725231373,-0.5864204105538
"373","male",52,"anon63",1,2.39804166666667,4,2.83333333333333,1.05,41.7006932740257,-1.35786405653755,1.63624136148684,1.92199838636842,0.778183810933412,-1.59009781365454
"374","male",53,"anon147",1,3.99441666666667,1.33333333333333,2.53333333333333,1.05,25.0349446101851,-0.0908649551837981,0.279697131178287,-1.52434354780943,0.386500119252107,-1.59009781365454
"375","male",53,"anon315",0.875,2.957375,2.66666666666667,1.83333333333333,1.45,29.5870493258379,-0.913936514017446,0.650225423206196,0.198827419279491,-0.527428494670938,-0.972450180977161
"376","male",53,"anon336",0.833333333333333,2.28004166666667,2,2.13333333333333,2.9,36.5490396739826,-1.4515174236723,1.21691150666613,-0.662758064264971,-0.135744802989633,1.26652248747833
"377","male",53,"anon363",0.75,6.15660869565217,2,2.4,1.85,12.1820313272411,1.62520762029432,-0.766493214561373,-0.662758064264971,0.21241847850486,-0.354802548299784
"378","male",53,"anon393",0.958333333333333,3.94104166666667,2.66666666666667,1.83333333333333,1.3,24.3167521277158,-0.133227230360217,0.221238319156331,0.198827419279491,-0.527428494670938,-1.20406804323118
"379","male",54,"anon141",0.875,2.16083333333333,3,2,1.6,40.4936367142306,-1.54612981186882,1.53799041309718,0.629620161051723,-0.30982644373688,-0.740832318723144
"380","male",54,"anon46",1,3.81266666666667,3,1.46666666666667,1.55,26.2283616016786,-0.235114950749404,0.376837857755745,0.629620161051723,-1.00615300672587,-0.818038272807816
"381","male",54,"anon47",0.791666666666667,4.51870833333333,3,1,1.1,17.5197558299293,0.325250976545231,-0.332017720951624,0.629620161051723,-1.61543874934123,-1.51289185956987
"382","male",55,"anon23",0.791666666666667,6.216125,3.66666666666667,1.4,1,12.735694128845,1.67244408047729,-0.721426647544089,1.49120564459619,-1.09319382709949,-1.66730376773921
"383","male",55,"anon233",0.916666666666667,5.82745833333333,3,1.5,1.8,15.7301282005448,1.36396999550802,-0.477688286613615,0.629620161051723,-0.962632596539055,-0.432008502384456
"384","male",56,"anon303",0.833333333333333,5.51804347826087,2.66666666666667,2.96666666666667,2.6,15.1019711355369,1.11839590212626,-0.528818473408817,0.198827419279491,0.952265451680658,0.803286762970298
"385","male",56,"anon43",0.833333333333333,6.33978260869565,1,2.66666666666667,2.65,13.144509595492,1.77058773663136,-0.688150238921406,-1.95513628958167,0.560581759999353,0.88049271705497
"386","male",59,"anon298",0.875,4.901625,3,1.8,1.75,17.8512228087624,0.629161444048193,-0.305037257802706,0.629620161051723,-0.57094890485775,-0.509214456469128
"387","male",60,"anon294",0.958333333333333,3.15854166666667,4,1.13333333333333,1.1,30.3410065299123,-0.75427604208009,0.711595381179083,1.92199838636842,-1.44135710859398,-1.51289185956987
"388","male",61,"anon104",0.75,4.928375,1,2.06666666666667,1.15,15.2179978187536,0.650392186174079,-0.519374233557714,-1.95513628958167,-0.222785623363256,-1.43568590548519
"389","male",62,"anon261",0.958333333333333,4.39386956521739,3,1.53333333333333,2.55,21.8106914442718,0.226169866519699,0.0172521539080181,0.629620161051723,-0.919112186352243,0.726080808885626
"390","male",62,"anon322",0.875,4.15021739130435,4,1.3,2.1,21.083232936986,0.032789811463265,-0.0419608860071072,1.92199838636842,-1.22375505765992,0.031227222123577
"391","male",64,"anon250",0.833333333333333,3.53341666666667,3.33333333333333,1.03333333333333,1.45,23.5843494257211,-0.456748025091608,0.161622835946207,1.06041290282395,-1.57191833915442,-0.972450180977161
"392","male",64,"anon379",0.958333333333333,4.71030434782609,4,1.86666666666667,1.6,20.3454652304076,0.47731548406087,-0.102013065231338,1.92199838636842,-0.483908084484126,-0.740832318723144
"393","male",65,"anon45",0.833333333333333,3.199875,2.66666666666667,2.6,1.2,26.0426839590088,-0.721470907829498,0.361724229202861,0.198827419279491,0.47354093962573,-1.35847995140052
"394","male",66,"anon388",0.916666666666667,3.64379166666667,3,1.93333333333333,3,25.1569450320751,-0.369146411553485,0.289627616255698,0.629620161051723,-0.396867264110503,1.42093439564768
"395","male",68,"anon194",0.666666666666667,5.655625,2,1.63333333333333,2.35,11.7876745128375,1.22759058658721,-0.798592730283868,-0.662758064264971,-0.788550955791808,0.417256992546938
"396","male",69,"anon160",0.916666666666667,4.196375,2.66666666666667,1.03333333333333,1.1,21.8442504939779,0.0694238408974703,0.019983764480799,0.198827419279491,-1.57191833915442,-1.51289185956987
"397","male",72,"anon22",0.875,4.905,3,1.73333333333333,1.3,17.8389398572885,0.631840089082767,-0.306037054888886,0.629620161051723,-0.657989725231373,-1.20406804323118
